source_path,filename,record_type,authority_layer,lifecycle,access,governing_source,sha256
docs/ACTIVE_GATE_REVIEW_QUEUE_AND_SENDCOMM_ACCESS_RESULT_2026-07-06.md,ACTIVE_GATE_REVIEW_QUEUE_AND_SENDCOMM_ACCESS_RESULT_2026-07-06.md,cadence,sentinel_ai,review_held,public,needs_owner_mapping,b262bcdb4caeaa1fb99433a351761541c6c0c497453514c1d7a2bf0226ece542
docs/API_CONTROL_EXECUTE_HARDENING_DECISION_PACKET_2026-07-06.md,API_CONTROL_EXECUTE_HARDENING_DECISION_PACKET_2026-07-06.md,policy,sentinel_ai,active_supporting,protected,needs_owner_mapping,fd06c0bcd1f3ca15cdbb43e5a207ee6243ca79a35f026c9c69c2917c0223bd33
docs/APPROVED_RUNTIME_UPGRADE_INTRODUCTION_PACKET_2026-07-06.md,APPROVED_RUNTIME_UPGRADE_INTRODUCTION_PACKET_2026-07-06.md,policy,sentinel_ai,active_supporting,public,needs_owner_mapping,b4512c9f3fa9ccfc5eacadc219d5389187da64671020fc3cb9d9b1a46053d5c5
docs/ARCHITECTURE_ALIGNMENT_PLAN_2026-05-11.md,ARCHITECTURE_ALIGNMENT_PLAN_2026-05-11.md,policy,sentinel_ai,archive_candidate,internal,needs_owner_mapping,590315b4be1f5bc9feca089e0fc53aaf1961594561a24b73cb735b6fbc3f5405
docs/ARCHITECTURE_INDEX_2026-05-11.md,ARCHITECTURE_INDEX_2026-05-11.md,doctrine,sentinel_ai,canonical_active,internal,needs_owner_mapping,b71f79d4e4a9579670566f1fbe2f655987a7bab8ac1eedd3474fa7e864290a41
docs/ARCHIVE_INTELLIGENCE_DOCKING_2026-05-13.md,ARCHIVE_INTELLIGENCE_DOCKING_2026-05-13.md,policy,sentinel_ai,historical,public,needs_owner_mapping,1ff1f8dfdc852aa91b5e529f96ab68b5f4ee37efd33f2afcdfb1e5a88c3e2c39
docs/ARCHIVE_INTELLIGENCE_INGESTION_LEDGER_2026-05-13.md,ARCHIVE_INTELLIGENCE_INGESTION_LEDGER_2026-05-13.md,policy,sentinel_ai,historical,internal,needs_owner_mapping,e08194c6d70935b92e0f544ad8e755e3dce696090748d68d994f3618cf5a1b70
docs/ARIZONA_SPO_MODERNIZATION_BRIEF_LAYOUT.md,ARIZONA_SPO_MODERNIZATION_BRIEF_LAYOUT.md,policy,sentinel_os,review_held,public,needs_owner_mapping,5f7e4a7f007a9f230e946ea1ce72501132d489c0ed6540f139a52143bbe9379a
docs/ARIZONA_SPO_MODERNIZATION_BRIEF_LAYOUT.pdf,ARIZONA_SPO_MODERNIZATION_BRIEF_LAYOUT.pdf,archive_candidate,sentinel_os,archive_candidate,internal,needs_owner_mapping,774dab4f388cb6fcd06094ce938e684f79024feff29d9e3ba2eb938cfaf9288e
docs/AUTHORITATIVE_GOVERNMENT_OUTCOME_INTAKE_WORKSHEET_2026-06-12.md,AUTHORITATIVE_GOVERNMENT_OUTCOME_INTAKE_WORKSHEET_2026-06-12.md,operating_model,sentinel_ai,review_held,restricted,needs_owner_mapping,01e38c86569fcaa4fca21726ab8c477444ec55a754b2dc9fe5f1a38ddcc5314d
docs/AUTHORITATIVE_GOVERNMENT_OUTCOME_INTAKE_WORKSHEET_REVIEW_RESULT_2026-06-12.md,AUTHORITATIVE_GOVERNMENT_OUTCOME_INTAKE_WORKSHEET_REVIEW_RESULT_2026-06-12.md,operating_model,sentinel_ai,review_held,held,needs_owner_mapping,e2cfbbc15c09a4ba3a75f5237eab1e6555f7fa0f813273fea5abae62f4cc5c39
docs/AZURE_ENVIRONMENT_DISCOVERY_RESULT_2026-05-30.md,AZURE_ENVIRONMENT_DISCOVERY_RESULT_2026-05-30.md,template,sentinel_ai,review_held,held,needs_owner_mapping,236f96f427c3c191e9081e23caa9635b5dfc66bcd8e52e8ed8a0ed5d7c96f8d9
docs/AZURE_OWNERFI_PROOF_GREAT_HOLD_STATE_2026-07-03.md,AZURE_OWNERFI_PROOF_GREAT_HOLD_STATE_2026-07-03.md,operating_model,sentinel_ai,superseded,restricted,needs_owner_mapping,2d0783bc9692b0382cadca567e737a8de9c8bf8f7f9f8494d5f270133621fdca
docs/AZURE_REACTIVATION_CHECK_RESULT_2026-07-03.md,AZURE_REACTIVATION_CHECK_RESULT_2026-07-03.md,evidence,sentinel_ai,active_supporting,restricted,needs_owner_mapping,888473d16a0122c0f9b6e8e655108d20087f684b335e699a68dddad6866624c8
docs/BILLING_FUNNEL_READINESS.md,BILLING_FUNNEL_READINESS.md,evidence,sentinel_ai,active_supporting,internal,needs_owner_mapping,da0791ae19808f4a989fb14ed3e8dbda30f4f4f52ef185233579112681813207
docs/BOTTLENECK_CLEARANCE_AND_DECISION_REGISTER_2026-05-31.md,BOTTLENECK_CLEARANCE_AND_DECISION_REGISTER_2026-05-31.md,template,sentinel_ai,review_held,public,needs_owner_mapping,e9444b7f221aab7aa6b2f9fda064ca6cb74c477ff5b7742ee3ea60e6833a6ef3
docs/BUILD_MANUAL_REVIEW_2026-05-06.md,BUILD_MANUAL_REVIEW_2026-05-06.md,doctrine,sentinel_ai,active_supporting,internal,needs_owner_mapping,8ee436172fc13a6c23d331cc92453f8b016097e9a37c56293d8b5eccc55e1bbf
docs/CADENCE_CLOSEOUT_PLAN_2026-06-30.md,CADENCE_CLOSEOUT_PLAN_2026-06-30.md,operating_model,sentinel_ai,superseded,internal,needs_owner_mapping,14e89445737257e54ff49438e7ee6b38b25434e433385e912a84f644045d85ef
docs/CADENCE_INDEX_2026-06-30.md,CADENCE_INDEX_2026-06-30.md,operating_model,MOB,active_supporting,internal,docs/NUNN_CORPORATION_MASTER_OPERATING_BINDER_2026-06-15.md,0a385815a128ecac7fa8a0a544824907a96a7d8f713822d96976947293bd3437
docs/CANONICAL_DOCUMENTS_INDEX_2026-05-11.md,CANONICAL_DOCUMENTS_INDEX_2026-05-11.md,doctrine,sentinel_ai,canonical_active,internal,docs/CANONICAL_DOCUMENTS_INDEX_2026-05-11.md,53e375bb9eb362f922f472381b20aa523549f3dfa93641e9434b2c8530f5f5c1
docs/CDNLUX_SENTINELOS_INTEGRATION.md,CDNLUX_SENTINELOS_INTEGRATION.md,policy,sentinel_os,canonical_active,internal,needs_owner_mapping,3dae868ae4d2ca33883efc4b2064870c7fdf23a4ef7543dea2e10e251645231e
docs/CLARITY_MEMORY_LAYER_PARTNER_PORTAL_SPECIFICS_QUERY_MANIFEST_2026-06-17.md,CLARITY_MEMORY_LAYER_PARTNER_PORTAL_SPECIFICS_QUERY_MANIFEST_2026-06-17.md,blueprint,sentinel_ai,canonical_active,restricted,needs_owner_mapping,7770380cb3510967b5102eb61cdaccfc1ffb99f9f181a60ebb02eed68eda8d4b
docs/CLARITY_MEMORY_LAYER_PARTNER_PORTAL_SPECIFICS_QUERY_RESULT_2026-06-17.md,CLARITY_MEMORY_LAYER_PARTNER_PORTAL_SPECIFICS_QUERY_RESULT_2026-06-17.md,blueprint,sentinel_ai,unresolved,restricted,needs_owner_mapping,41c56b922edcb0c257f3ef2df788f6efd3b4cd260e879bf4532734bd1cdeefd0
docs/CODE_AND_DOCS_SPLIT_REVIEW_2026-06-02.md,CODE_AND_DOCS_SPLIT_REVIEW_2026-06-02.md,policy,sentinel_ai,active_supporting,internal,needs_owner_mapping,fc9661518d7be1472abe2e908aadedb1d1162bac08ce681b84d6c726499629af
docs/CODE_OPTIMIZATION_PLAN_2026-05-11.md,CODE_OPTIMIZATION_PLAN_2026-05-11.md,policy,sentinel_ai,archive_candidate,internal,needs_owner_mapping,5e91e97554b67d414a802efd0c252a478b4e73226d0ba4aa75dcc59b9b03ff57
docs/COMMERCIAL_ASSETS_2026-04-29.md,COMMERCIAL_ASSETS_2026-04-29.md,policy,sentinel_ai,active_supporting,internal,needs_owner_mapping,0d12c47c76d93c103e76b62f4f1f2a243d71fef1c5195acc382b3c136cab5c53
docs/COMMERCIAL_ASSETS_2026-04-29.pdf,COMMERCIAL_ASSETS_2026-04-29.pdf,archive_candidate,sentinel_os,archive_candidate,internal,needs_owner_mapping,bfe2b6afc5d0327fe391828f9334e15e20c56777a3fa593e775792665df5e09a
docs/CONTRACT_RECLAMATION_FACEPLANE_ALIGNMENT_PLAN_2026-05-31.md,CONTRACT_RECLAMATION_FACEPLANE_ALIGNMENT_PLAN_2026-05-31.md,doctrine,sentinel_ai,review_held,public,needs_owner_mapping,520481890817cfb1007c6b390e398fe73c6ecac544d83e57207833f9d06b5f8d
docs/CONTRACT_RECLAMATION_FACEPLANE_BEFORE_AFTER_REVIEW_2026-05-31.md,CONTRACT_RECLAMATION_FACEPLANE_BEFORE_AFTER_REVIEW_2026-05-31.md,doctrine,sentinel_ai,active_supporting,public,needs_owner_mapping,49044b3af819498609a4846ead2d7485f9981ccc2758fc980d5be2bf546d3ddb
docs/CONTRACT_RECLAMATION_IMPORT_OR_STANDALONE_DECISION_2026-06-01.md,CONTRACT_RECLAMATION_IMPORT_OR_STANDALONE_DECISION_2026-06-01.md,approval_result,sentinel_ai,review_held,public,needs_owner_mapping,dd6748838d994ce202e24dc6ebe20c81c88fbb6f83e04f6c8ea48f1f60ab14db
docs/CORRECTED_SENTINEL_AI_COMMAND_ACCESS_VERBIAGE_REVIEW_RESULT_2026-06-17.md,CORRECTED_SENTINEL_AI_COMMAND_ACCESS_VERBIAGE_REVIEW_RESULT_2026-06-17.md,operating_model,sentinel_ai,active_supporting,internal,needs_owner_mapping,e0fb37077ee0a98b785edd98b0fc529ddf180922e243258b487eda5d2dbd2d90
docs/CURRENT_APPROVALS_AND_DECISIONS_2026-06-01.md,CURRENT_APPROVALS_AND_DECISIONS_2026-06-01.md,operating_model,sentinel_ai,review_held,held,docs/SENTINEL_MANAGED_REPOSITORY_ORGANIZATION_CONTROL_PACKET_2026-06-01.md,e222c1ebaa40797a0a3357976edc443e01f4ba45e9cb2ec232d9b0e4d853d9d0
docs/CURRENT_SENTINEL_DEPLOYMENT_FOOTPRINT_EXECUTIVE_INTAKE_RECONCILIATION_2026-06-12.md,CURRENT_SENTINEL_DEPLOYMENT_FOOTPRINT_EXECUTIVE_INTAKE_RECONCILIATION_2026-06-12.md,operating_model,evidence_only,historical,restricted,needs_owner_mapping,6825cd3726b949256ccbcb6da3f4c38ff5e3ae584ce045d8e4857a3d1ed2b95d
docs/CURRENT_WORKTREE_EVIDENCE_BASELINE_2026-07-05.md,CURRENT_WORKTREE_EVIDENCE_BASELINE_2026-07-05.md,operating_model,MOB,active_supporting,public,docs/NUNN_CORPORATION_MASTER_OPERATING_BINDER_2026-06-15.md,67b3f11123d2f757cf1f0c5201eb9f5b17b704072f1ad0a775d02f0d67d76d8c
docs/CUSTOMER_DISCOVERY_INTAKE_AND_RISK_QUESTIONNAIRE_2026-07-03.md,CUSTOMER_DISCOVERY_INTAKE_AND_RISK_QUESTIONNAIRE_2026-07-03.md,template,sentinel_ai,review_held,restricted,needs_owner_mapping,66c5e6bc20895fb227ea9bc366533c8d54a0eedcbcd59d966e4799706352e09d
docs/CUSTOMER_DISCOVERY_INTAKE_AND_RISK_QUESTIONNAIRE_POPULATED_RESULT_2026-07-03.md,CUSTOMER_DISCOVERY_INTAKE_AND_RISK_QUESTIONNAIRE_POPULATED_RESULT_2026-07-03.md,approval_result,sentinel_ai,review_held,restricted,needs_owner_mapping,16946bec3a0cb56c9db56673dc1c337b9ad8f2e8c03a6531d77599b12d982008
docs/CUSTOMER_IMPLEMENTATION_SCOPE_AND_RISK_PACKET_2026-07-03.md,CUSTOMER_IMPLEMENTATION_SCOPE_AND_RISK_PACKET_2026-07-03.md,approval_result,sentinel_ai,review_held,held,needs_owner_mapping,f9142fc8a0f82055e34a2c530216599f90a1dd02aaa4c0740ee35e94113f8bbf
docs/DAILY_BRIEF_2026-04-23.md,DAILY_BRIEF_2026-04-23.md,operating_model,sentinel_ai,historical,protected,needs_owner_mapping,fe032aed975573eedd0cad885e460be86998f4fc83bbebdbb12ae059290fcd91
docs/DAILY_BRIEF_2026-04-24.md,DAILY_BRIEF_2026-04-24.md,operating_model,sentinel_ai,historical,protected,needs_owner_mapping,b0da4fa68670a6cbb690dfcf48442df6f164332fe84de450cb59217f77640bbb
docs/DAILY_BRIEF_RETENTION_RULE.md,DAILY_BRIEF_RETENTION_RULE.md,operating_model,evidence_only,superseded,protected,needs_owner_mapping,ce72b06f20d980932a8e965b37f69af33f7ab2624f7aa9b9b09ec70535a67f30
docs/DAILY_EXECUTIVE_CADENCE_PLAN_2026-06-16_AND_2026-06-17.md,DAILY_EXECUTIVE_CADENCE_PLAN_2026-06-16_AND_2026-06-17.md,template,sentinel_ai,review_held,held,needs_owner_mapping,aaa2a9615261956d23edb2ab9f23b63105e5a142cfca17e9541920e0a02c6521
docs/DAILY_OPERATING_GOAL.md,DAILY_OPERATING_GOAL.md,policy,sentinel_ai,archive_candidate,internal,needs_owner_mapping,e94cfa726337c63cb2dc15809296dd937aab37889631c216040f05fe29cae54d
docs/DAILY_REPORT_2026-04-21.md,DAILY_REPORT_2026-04-21.md,cadence,sentinel_os,active_supporting,restricted,needs_owner_mapping,88c9a1a242f21ba61d05f6c5abe35c7b4f74c1977d8aeb40828dc3ceff65b38b
docs/DEAL_EXECUTION_ENGINE_POSITIONING.md,DEAL_EXECUTION_ENGINE_POSITIONING.md,approval_result,sentinel_os,archive_candidate,internal,needs_owner_mapping,b1934b74bafdf9e5c6ec7ce57f9b443161b0c59443a73b0559e09b9a8fbcad93
docs/DECISION_QUEUE_CLEARANCE_2026-06-01.md,DECISION_QUEUE_CLEARANCE_2026-06-01.md,approval_result,sentinel_ai,review_held,public,needs_owner_mapping,4dabf8aa551228c4fa0f6c9968545171efcaa092fad0cd6075c208292f5861fd
docs/DEMO_CONTRACT.md,DEMO_CONTRACT.md,approval_result,sentinel_ai,active_supporting,internal,needs_owner_mapping,ecd9c55753c34d8aea0e2fd2566503c81b094581371800ced356b271e74bf566
docs/DEPLOYMENT.md,DEPLOYMENT.md,approval_result,sentinel_os,archive_candidate,restricted,needs_owner_mapping,a5af745784d638a8f3461ed3c52c9fe5c117520bf819424e799f2f1d6b8ab70d
docs/DIAGNOSTIC_SETTINGS_IMPLEMENTATION_AUTHORITY_REQUEST_2026-05-31.md,DIAGNOSTIC_SETTINGS_IMPLEMENTATION_AUTHORITY_REQUEST_2026-05-31.md,approval_result,sentinel_ai,active_supporting,restricted,needs_owner_mapping,d915cac2f486ddd019c830d26ce013924077cf423570a370ed4d3c50a2e44bdd
docs/DIAGNOSTIC_SETTINGS_IMPLEMENTATION_EXECUTION_RESULT_2026-05-31.md,DIAGNOSTIC_SETTINGS_IMPLEMENTATION_EXECUTION_RESULT_2026-05-31.md,approval_result,sentinel_ai,active_supporting,restricted,needs_owner_mapping,b2a69415e59fd8901b4057dd4a02c68fde5ae08b21589f315d71a31dc5f8afd0
docs/DIAGNOSTIC_SETTINGS_IMPLEMENTATION_PLAN_ONLY_REQUEST_2026-05-30.md,DIAGNOSTIC_SETTINGS_IMPLEMENTATION_PLAN_ONLY_REQUEST_2026-05-30.md,evidence,sentinel_ai,review_held,held,needs_owner_mapping,31e3369d89aba329c5a50f26255d83f30d5635f4b94efe7de4c8f174cee2eb60
docs/DIAGNOSTIC_SETTINGS_MUTATION_MANIFEST_2026-06-01.md,DIAGNOSTIC_SETTINGS_MUTATION_MANIFEST_2026-06-01.md,approval_result,sentinel_ai,active_supporting,restricted,needs_owner_mapping,7e01fe203ccd9fe4aa6773bca4231197aa1a8c15f6b104fd28e65e465e4729b0
docs/DOCUMENTATION_POLICY_GUARDRAIL.md,DOCUMENTATION_POLICY_GUARDRAIL.md,doctrine,GBP,historical,held,needs_owner_mapping,6e22391905573e79628fe850ff71638b6c121876a7c173561ee0ecc9d80c869b
docs/DOE_T2_CDT_001_FACEPLANE_CONTROL_INPUT_2026-05-31.md,DOE_T2_CDT_001_FACEPLANE_CONTROL_INPUT_2026-05-31.md,evidence,sentinel_ai,review_held,public,needs_owner_mapping,0e66463ba583d6e47e5f662b3fe44636072ad1c5407da8dc4f35de1f4fc7cffb
docs/DOE_T2_CDT_001_VALIDATION_AND_RELEASE_CONTROL_REVIEW_2026-06-18.md,DOE_T2_CDT_001_VALIDATION_AND_RELEASE_CONTROL_REVIEW_2026-06-18.md,review_result,sentinel_ai,review_held,public,needs_owner_mapping,f2271f00e49f58ec6a19539748bc6fa4114f5f301079c6ebd68233f30b3bbc83
docs/ED25519_KEY_MANAGEMENT_AND_COMPATIBILITY_REVIEW_2026-06-17.md,ED25519_KEY_MANAGEMENT_AND_COMPATIBILITY_REVIEW_2026-06-17.md,policy,sentinel_ai,canonical_active,restricted,needs_owner_mapping,54c3f0536d14524bf4abb9406e9fcab3d8f854eb39eb24caf88c51909602942c
docs/EVENT_NAME_RECONCILIATION_REPORT_2026-05-30.md,EVENT_NAME_RECONCILIATION_REPORT_2026-05-30.md,evidence,sentinel_ai,canonical_active,public,needs_owner_mapping,f4aaff6d3bd526defa3c42975de335e82487b5df5716fe8834c6dca40f6654ad
docs/EVENT_NAME_RECONCILIATION_REPORT_OPERATOR_DECISION_2026-05-30.md,EVENT_NAME_RECONCILIATION_REPORT_OPERATOR_DECISION_2026-05-30.md,approval_result,sentinel_ai,review_held,restricted,needs_owner_mapping,2120917e97107a1fe31f89c504fe0818e1a62ab32092e05271047ff0545b4fed
docs/EXACT_READ_ONLY_CURRENT_SENTINEL_DEPLOYMENT_FOOTPRINT_DISCOVERY_MANIFEST_2026-06-13.md,EXACT_READ_ONLY_CURRENT_SENTINEL_DEPLOYMENT_FOOTPRINT_DISCOVERY_MANIFEST_2026-06-13.md,policy,sentinel_ai,historical,restricted,needs_owner_mapping,60d7b89d457bb75c51d8ac00529eecd2cd8532f4fa8c548bacef269711a8e40e
docs/EXACT_RELEASE_STAGING_MANIFEST_REVIEW_2026-06-15.md,EXACT_RELEASE_STAGING_MANIFEST_REVIEW_2026-06-15.md,policy,sentinel_ai,review_held,public,docs/SENTINEL_MANAGED_REPOSITORY_EVIDENCE_AND_CLASSIFICATION_2026-06-11.md,472c569c17672512f1c1a51f2c2c03502a3a74316c61249eff07427c42f31446
docs/EXACT_RELEASE_STAGING_MANIFEST_REVIEW_RESULT_2026-06-15.md,EXACT_RELEASE_STAGING_MANIFEST_REVIEW_RESULT_2026-06-15.md,review_result,sentinel_ai,review_held,restricted,needs_owner_mapping,398505d4160ce2f33b86642c4958e6924312b1b7f282abbb849f9d6b2b2e7ec9
docs/EXACT_SENTINEL_EXECUTIVE_ENVELOPE_COMMAND_CHANGE_REVIEW_2026-06-12.md,EXACT_SENTINEL_EXECUTIVE_ENVELOPE_COMMAND_CHANGE_REVIEW_2026-06-12.md,policy,sentinel_os,review_held,held,needs_owner_mapping,85858bee84f615e37dd6a69799cd072d54e2d75e8f2a0d7b9acab1f881a7fc35
docs/EXACT_SENTINEL_NEXUS_BHINDI_VAULT_READ_ONLY_POC_TEST_MANIFEST_2026-06-17.md,EXACT_SENTINEL_NEXUS_BHINDI_VAULT_READ_ONLY_POC_TEST_MANIFEST_2026-06-17.md,policy,sentinel_ai,active_supporting,internal,needs_owner_mapping,0cdd3b471f41114377efd6c123697ce010f271687422da30419a21c39b089a6f
docs/EXACT_STAGING_MANIFEST_REVIEW_CURRENT_CONTROL_PACKET_2026-05-31.md,EXACT_STAGING_MANIFEST_REVIEW_CURRENT_CONTROL_PACKET_2026-05-31.md,policy,sentinel_ai,review_held,restricted,needs_owner_mapping,11b7388e4948688562583a8fdc027c493670cba6dbf0fcd8250d71dc7f8fec60
docs/EXACT_STAGING_MANIFEST_REVIEW_CURRENT_CONTROL_PACKET_2026-06-01.md,EXACT_STAGING_MANIFEST_REVIEW_CURRENT_CONTROL_PACKET_2026-06-01.md,operating_model,sentinel_ai,review_held,restricted,docs/SENTINEL_MANAGED_REPOSITORY_ORGANIZATION_CONTROL_PACKET_2026-06-01.md,fd00d472c7a4fb3811861361b4e68f636d9470d41e2521e911936d1948b129dc
docs/EXECUTION_ARCHITECTURE.md,EXECUTION_ARCHITECTURE.md,policy,sentinel_ai,canonical_active,internal,needs_owner_mapping,c1dbc9e203fbba414c5b4eda6f87a58c1cde128c63817c88077d2f10ed6c1462
docs/EXECUTION_TRACE_COMPLETENESS_REPAIR_IMPLEMENTATION_RESULT_2026-06-17.md,EXECUTION_TRACE_COMPLETENESS_REPAIR_IMPLEMENTATION_RESULT_2026-06-17.md,policy,sentinel_ai,active_supporting,internal,needs_owner_mapping,ddab087afb2b809b9fa3931b04120cf1d3512244bd53e7adab5fe4d5e40e5a82
docs/EXECUTION_TRACE_COMPLETENESS_REPAIR_PLAN_2026-06-17.md,EXECUTION_TRACE_COMPLETENESS_REPAIR_PLAN_2026-06-17.md,policy,sentinel_ai,active_supporting,internal,needs_owner_mapping,2aa4be6d8c8f082511a7ec8d5a4129043e6a2b91abb9d6c47b61deec2dc7df4c
docs/EXECUTION_TRACE_DISPATCH_READ_ONLY_REVIEW_2026-06-16.md,EXECUTION_TRACE_DISPATCH_READ_ONLY_REVIEW_2026-06-16.md,evidence,sentinel_ai,active_supporting,internal,needs_owner_mapping,47e74e716e47560d788d13e7577a87b9dc61da2005f1b10d60ea88c311375e16
docs/EXECUTIVE_BOARD_2026-05-11.md,EXECUTIVE_BOARD_2026-05-11.md,doctrine,sentinel_ai,review_held,public,needs_owner_mapping,8c152e4276ed9ffc3616be91cefc7853c961e2638b2dccc0eb0041f9902acbd2
docs/EXECUTIVE_BOARD_2026-06-11.md,EXECUTIVE_BOARD_2026-06-11.md,operating_model,sentinel_ai,superseded,held,docs/SENTINEL_STEERING_DOCUMENT_CANCELLATION_AND_AUTHORITY_LAYER_DIRECTION_2026-06-18.md,2ebea871a79c24ccb974ac16159846e2b9245cba88cee4177c2c41355793f9ab
docs/EXECUTIVE_BOARD_2026-06-19.md,EXECUTIVE_BOARD_2026-06-19.md,operating_model,sentinel_ai,review_held,restricted,needs_owner_mapping,32f6af8f3bd4930dd22744cb75edd439fee437deb4497416ff915d1fd7499893
docs/EXECUTIVE_BOARD_2026-07-01.md,EXECUTIVE_BOARD_2026-07-01.md,doctrine,MOB,unresolved,public,docs/NUNN_CORPORATION_MASTER_OPERATING_BINDER_2026-06-15.md,a7b432657ea6453c3689c3af091c3e84c08c616ceb3bf255378f64127648fb45
docs/EXECUTIVE_BOARD_ADDRESS_2026-07-01.md,EXECUTIVE_BOARD_ADDRESS_2026-07-01.md,doctrine,sentinel_os,unresolved,restricted,needs_owner_mapping,0bfdc44f880474af614fcf18f7e6b5f038d2d1f11a8a516b12b1915557bbfe07
docs/EXECUTIVE_BOARD_JULY_05_ADDENDUM_2026-07-05.md,EXECUTIVE_BOARD_JULY_05_ADDENDUM_2026-07-05.md,operating_model,MOB,review_held,public,docs/NUNN_CORPORATION_MASTER_OPERATING_BINDER_2026-06-15.md,8a2a70f0dcf1129738e8f64dc310d9b1872ec71baa0196381194400202efb27c
docs/EXECUTIVE_BOARD_JULY_STARTING_POINT_2026-06-30.md,EXECUTIVE_BOARD_JULY_STARTING_POINT_2026-06-30.md,operating_model,MOB,historical,held,docs/NUNN_CORPORATION_MASTER_OPERATING_BINDER_2026-06-15.md,dd1ddd14d217aa57602eb2ff62de57b2b9c3d10e5fb768e025dd69fd4b8dd8c0
docs/EXECUTIVE_BOARD_MOB_REFRESHED_2026-06-15.md,EXECUTIVE_BOARD_MOB_REFRESHED_2026-06-15.md,operating_model,MOB,review_held,restricted,docs/NUNN_CORPORATION_MASTER_OPERATING_BINDER_2026-06-15.md,039bf569618995dc94cce537b0a1cae16d7feb7faa9046f86a805c4f000697b8
docs/EXECUTIVE_BOARD_REFRESHED_FOR_PROCESSING_2026-06-13.md,EXECUTIVE_BOARD_REFRESHED_FOR_PROCESSING_2026-06-13.md,cadence,sentinel_ai,historical,held,needs_owner_mapping,0f3c206548cf9d73d174d054e78a2269379bb770e164c03dfe0d6206a7848737
docs/EXECUTIVE_BOARD_SUMMARY_UPDATE_2026-06-12.md,EXECUTIVE_BOARD_SUMMARY_UPDATE_2026-06-12.md,operating_model,sentinel_ai,review_held,held,needs_owner_mapping,66f33c751753ff9f00a1a944dfcfd82eb45f258a8738b5c7016f95303f4e0e19
docs/EXECUTIVE_DESK_GPT_RUNTIME_UPGRADE_GUIDED_SUPPORT_SCRIPT_2026-07-06.md,EXECUTIVE_DESK_GPT_RUNTIME_UPGRADE_GUIDED_SUPPORT_SCRIPT_2026-07-06.md,approval_result,sentinel_ai,active_supporting,public,needs_owner_mapping,2052b68a53704c384bd15a89cdafa660f12c16342cdfc26ee82850a55fae86e2
docs/EXECUTIVE_DESK_GPT_RUNTIME_UPGRADE_HANDOFF_AND_PROMPT_PACK_2026-07-06.md,EXECUTIVE_DESK_GPT_RUNTIME_UPGRADE_HANDOFF_AND_PROMPT_PACK_2026-07-06.md,policy,MOB,review_held,public,needs_owner_mapping,6693b9751352de4d8fad423f757d8078af51fc04aa0efa4aa6e2580e0ecf5f4a
docs/EXECUTIVE_DESK_GPT_RUNTIME_UPGRADE_USER_FLOW_2026-07-06.md,EXECUTIVE_DESK_GPT_RUNTIME_UPGRADE_USER_FLOW_2026-07-06.md,policy,sentinel_ai,review_held,public,needs_owner_mapping,f291c536643032bba9dd12b23754cdb2f02127eaf80b66e97067f2c76dae4b3f
docs/EXECUTIVE_DESK_RUNTIME_RESTORE_EXECUTION_APPROVAL_RESULT_2026-06-19.md,EXECUTIVE_DESK_RUNTIME_RESTORE_EXECUTION_APPROVAL_RESULT_2026-06-19.md,operating_model,sentinel_ai,review_held,restricted,needs_owner_mapping,b1e37963d4f5eb8b239061b899b75a2be2283ffdc4fc22c68c47286de6bd4e11
docs/EXECUTIVE_DESK_RUNTIME_RESTORE_EXECUTION_PREFLIGHT_RESULT_2026-06-20.md,EXECUTIVE_DESK_RUNTIME_RESTORE_EXECUTION_PREFLIGHT_RESULT_2026-06-20.md,operating_model,sentinel_ai,historical,restricted,needs_owner_mapping,90b6263d80b94eae69607e6dc85efec88479d71dc968577c6e5165ff1b6e7334
docs/EXECUTIVE_DESK_V1.md,EXECUTIVE_DESK_V1.md,policy,sentinel_os,active_supporting,internal,needs_owner_mapping,7f93d07addf53f8577ffc5bde5782b0e9f77942dd84e5f00d2432d5e27b4f509
docs/EXECUTIVE_DRIFT_FOCUS_REPORT_2026-06-18.md,EXECUTIVE_DRIFT_FOCUS_REPORT_2026-06-18.md,operating_model,sentinel_ai,review_held,public,needs_owner_mapping,6231207ba51b25c96ed33b35fd5c06d041730ceb6e4f3ab74d0308a5046a956a
docs/EXECUTIVE_PRIORITY_EVIDENCE_AND_APPROVAL_MATRIX_2026-06-18.md,EXECUTIVE_PRIORITY_EVIDENCE_AND_APPROVAL_MATRIX_2026-06-18.md,decision_packet,sentinel_ai,review_held,public,needs_owner_mapping,c0a881f607280b1b5ad9b9f5a7482bdecfa32379d9571743bc5f63db60bbaf41
docs/EXECUTIVE_SNAPSHOT_2026-05-05.md,EXECUTIVE_SNAPSHOT_2026-05-05.md,policy,sentinel_ai,historical,restricted,needs_owner_mapping,ce59735a9fad8bb2dcc861479606bee47d9b03ee7e2018bf4ce4ecd4053a6591
docs/EXECUTIVE_SNAPSHOT_2026-05-07.md,EXECUTIVE_SNAPSHOT_2026-05-07.md,doctrine,sentinel_ai,historical,protected,needs_owner_mapping,f42dbec5f477692d8875c50c54a01afee945657952c70b957afc6a1fec9a44a7
docs/EXECUTIVE_SNAPSHOT_2026-05-11.md,EXECUTIVE_SNAPSHOT_2026-05-11.md,policy,sentinel_ai,historical,restricted,docs/CANONICAL_DOCUMENTS_INDEX_2026-05-11.md,5597c1be66e4cb77612829cabdc5f0b1a4cf7cdd57039240c708b73466051afb
docs/EXECUTIVE_SNAPSHOT_2026-05-12.md,EXECUTIVE_SNAPSHOT_2026-05-12.md,policy,sentinel_ai,historical,protected,needs_owner_mapping,bfed2a76b7c399e4c3985d5f6a2ce14a812c0008ec6c1c68ac38391bab6cf797
docs/EXECUTIVE_SNAPSHOT_2026-06-01.md,EXECUTIVE_SNAPSHOT_2026-06-01.md,operating_model,sentinel_ai,review_held,held,needs_owner_mapping,ad1581fd1403e00f93be13fd917e805ad1e38439cee0c418cf357d8292cb54d1
docs/EXECUTIVE_SNAPSHOT_2026-06-11.md,EXECUTIVE_SNAPSHOT_2026-06-11.md,operating_model,sentinel_ai,review_held,held,needs_owner_mapping,2602d3de96f2d3ad9a4f0ccccf2792cfe0d12d18aeb0ce056eae2d4c05cb8342
docs/EXECUTIVE_SNAPSHOT_2026-06-13.md,EXECUTIVE_SNAPSHOT_2026-06-13.md,operating_model,sentinel_ai,superseded,restricted,needs_owner_mapping,ff971503c224d9cecd0617bfe8e400780cd18b880b596fcff1bdc0010859602b
docs/EXECUTIVE_SNAPSHOT_2026-06-17.md,EXECUTIVE_SNAPSHOT_2026-06-17.md,operating_model,sentinel_ai,superseded,internal,docs/SENTINEL_STEERING_DOCUMENT_CANCELLATION_AND_AUTHORITY_LAYER_DIRECTION_2026-06-18.md,cfff7669993122ed9dc38c8c17791c2daa82042fa46a9f565025c8352f609013
docs/EXECUTIVE_SNAPSHOT_CURRENT_2026-05-31.md,EXECUTIVE_SNAPSHOT_CURRENT_2026-05-31.md,operating_model,sentinel_ai,review_held,public,needs_owner_mapping,b782d4a7df92524872da045362aaf3d4aafbd05cdc973eddfcf9b403942c60aa
docs/EXECUTIVE_SNAPSHOT_REFRESH_AFTER_SCOPE_DECISION_2026-05-29.md,EXECUTIVE_SNAPSHOT_REFRESH_AFTER_SCOPE_DECISION_2026-05-29.md,operating_model,sentinel_ai,review_held,public,needs_owner_mapping,b434dc694b6a207280517f4091e75ff4dd7640d14613708660763a137f7ae017
docs/EXECUTIVE_TASK_LINEUP_2026-05-07.md,EXECUTIVE_TASK_LINEUP_2026-05-07.md,doctrine,sentinel_ai,review_held,protected,needs_owner_mapping,09f9f248415624b6da540e75b05f7039cc9366eac7e046af0a527cbffe152cc1
docs/EXECUTIVE_TEMPLATE_APPROVAL_HOLD_2026-05-31.md,EXECUTIVE_TEMPLATE_APPROVAL_HOLD_2026-05-31.md,template,sentinel_ai,review_held,restricted,needs_owner_mapping,1c3a2202424817bbe8f352545d803a38cd8ba43b8c557d07a4c2b20bf04c2658
docs/EXECUTIVE_TEMPLATE_APPROVAL_PROCESS_RESULT_2026-05-31.md,EXECUTIVE_TEMPLATE_APPROVAL_PROCESS_RESULT_2026-05-31.md,template,sentinel_ai,review_held,restricted,needs_owner_mapping,efe6759ac76f55c273d116b087bf1fb677fc76139418c4b59f61e0af4c04f194
docs/EXECUTIVE_TEMPLATE_SENTINEL_AI_APPROVAL_COMMAND_RESULT_2026-05-31.md,EXECUTIVE_TEMPLATE_SENTINEL_AI_APPROVAL_COMMAND_RESULT_2026-05-31.md,policy,sentinel_ai,review_held,restricted,needs_owner_mapping,40595cc9c5f60db7f7c901236e3c395f8ce2303dbb6951c90c7dd5e6d540309c
docs/FACEPLANE_GAAS_DOCKING_DOCTRINE.md,FACEPLANE_GAAS_DOCKING_DOCTRINE.md,doctrine,sentinel_ai,active_supporting,internal,needs_owner_mapping,7606cc3a8b53560971488137c9775fa045bf145de149a179a0c2bdce28b6a791
docs/FACEPLANE_SDK_SPEC.md,FACEPLANE_SDK_SPEC.md,policy,sentinel_os,active_supporting,restricted,needs_owner_mapping,c50f55613f49ec616fda020a8770729cb7b17c60bdd7bc4a0bb001038dad37bd
docs/FIRST_GOVERNMENT_OUTCOME_INTAKE_INPUT_PROCESSING_RESULT_2026-06-12.md,FIRST_GOVERNMENT_OUTCOME_INTAKE_INPUT_PROCESSING_RESULT_2026-06-12.md,evidence,sentinel_ai,review_held,public,needs_owner_mapping,2346ff0502b58de92b37d0fd2b352401941a6681994e7a1a21aef50a068cdb2c
docs/FIRST_GOVERNMENT_OUTCOME_INTAKE_SCOPE_AUTHORIZATION_RESULT_2026-06-12.md,FIRST_GOVERNMENT_OUTCOME_INTAKE_SCOPE_AUTHORIZATION_RESULT_2026-06-12.md,evidence,sentinel_ai,unresolved,public,needs_owner_mapping,7d06142c67da2fe998cc36a8fa73b2f9c79f0a830b19f347f08af6dc325a9fb8
docs/FIXTURE_ONLY_AUTHORITY_RECEIPT_PROOF_IMPLEMENTATION_MANIFEST_2026-06-19.md,FIXTURE_ONLY_AUTHORITY_RECEIPT_PROOF_IMPLEMENTATION_MANIFEST_2026-06-19.md,policy,sentinel_ai,review_held,held,needs_owner_mapping,8c2a5e8ae7d2537c780e7cbb0ace3454fc904894dae175491688e7ec441e07b9
docs/FIXTURE_ONLY_AUTHORITY_RECEIPT_PROOF_IMPLEMENTATION_MANIFEST_REVIEW_RESULT_2026-06-19.md,FIXTURE_ONLY_AUTHORITY_RECEIPT_PROOF_IMPLEMENTATION_MANIFEST_REVIEW_RESULT_2026-06-19.md,approval_result,sentinel_ai,review_held,held,needs_owner_mapping,719a800d8ba7c9e460164732e0b707652ad146907da894d00f43cfbfcc9edc78
docs/FIXTURE_ONLY_SENTINEL_NEXUS_BHINDI_VAULT_POC_IMPLEMENTATION_RESULT_2026-06-17.md,FIXTURE_ONLY_SENTINEL_NEXUS_BHINDI_VAULT_POC_IMPLEMENTATION_RESULT_2026-06-17.md,policy,sentinel_ai,active_supporting,internal,needs_owner_mapping,7100bc1544a8d3e7cf5b807c3e0a2ff4bab9deddde57a4e59e0157ffd40bcf0e
docs/FRESH_PROOF_RERUN_BEFORE_SHARE_2026-05-29.md,FRESH_PROOF_RERUN_BEFORE_SHARE_2026-05-29.md,approval_result,sentinel_ai,review_held,public,needs_owner_mapping,3a29dc7263d1dfbae2cfaf54c66e489d7269c76f14176cd8fcb55eab24c3dad6
docs/FRESH_PROOF_RERUN_BEFORE_SHARE_2026-05-31.md,FRESH_PROOF_RERUN_BEFORE_SHARE_2026-05-31.md,approval_result,sentinel_ai,active_supporting,public,needs_owner_mapping,b6bb07b3e0d54cbe7e405b55beae65f2aa9afd5024d3e390e2d4238cb42baea2
docs/FRESH_PROOF_RERUN_RESULT_2026-06-01.md,FRESH_PROOF_RERUN_RESULT_2026-06-01.md,approval_result,sentinel_ai,archive_candidate,public,needs_owner_mapping,02c4434d0e3f61ff00a40b8171fbc9860f1f428471b08250ff7915730c615350
docs/FRIDAY_DAILY_EXECUTIVE_CADENCE_2026-06-19.md,FRIDAY_DAILY_EXECUTIVE_CADENCE_2026-06-19.md,operating_model,sentinel_ai,review_held,restricted,needs_owner_mapping,c6c32a92aaedc728cba858d351ddf18f0a15c77cd19243291b58592419e74495
docs/FRIDAY_DAILY_EXECUTIVE_CADENCE_CLOSEOUT_2026-06-12.md,FRIDAY_DAILY_EXECUTIVE_CADENCE_CLOSEOUT_2026-06-12.md,operating_model,sentinel_ai,review_held,restricted,needs_owner_mapping,680d8a2fd04ca4ec0bd0ea5b99ae34edd926635a63eeed6d0a8192b50e65ec10
docs/FRIDAY_WEEKLY_EXECUTIVE_CADENCE_2026-06-19.md,FRIDAY_WEEKLY_EXECUTIVE_CADENCE_2026-06-19.md,template,sentinel_ai,review_held,restricted,needs_owner_mapping,9676758749b7fad7de181f6a5e9f94fd5ef4dc75e9b0c7bdb838c77bb312334e
docs/FRIDAY_WEEKLY_EXECUTIVE_CADENCE_CLOSEOUT_2026-06-12.md,FRIDAY_WEEKLY_EXECUTIVE_CADENCE_CLOSEOUT_2026-06-12.md,operating_model,sentinel_ai,review_held,public,docs/RECORD_CLASSIFICATION_DIRECTIVE_RECONCILIATION_2026-06-12.md,e5dba612e630879a895eb96817ec64d254ec077433169b0a24c1cb49248919a5
docs/GBP/AI-Docking-and-Control-Surface.md,AI-Docking-and-Control-Surface.md,doctrine,GBP,active_supporting,public,docs/NUNN_CORPORATION_MASTER_OPERATING_BINDER_2026-06-15.md,1e44708157e7bac30b42a7a5882f3d667c9b0043f9475e2c2af3cc75c2e7eb7c
docs/GBP/Deployment-Profile-State.md,Deployment-Profile-State.md,policy,MOB,active_supporting,internal,needs_owner_mapping,27b6f201fb953a8d7d796e2f973b251ee473709b1920c13d5f5a77e616c2c5a5
docs/GBP/Deployment-Profile-Template.md,Deployment-Profile-Template.md,policy,MOB,active_supporting,internal,needs_owner_mapping,5065e129ed3aa5aae6fa9e7503f509e41f5cf426384c69498975bb7ff443cf49
docs/GBP/GBP-Alignment-Working-Plan.md,GBP-Alignment-Working-Plan.md,doctrine,MOB,active_supporting,public,docs/NUNN_CORPORATION_MASTER_OPERATING_BINDER_2026-06-15.md,24b05a63c4fe4221040dd6fccd077037ade145cd3a46fa373ba2bd048afdcb48
docs/GBP/Government-Deployment-Blueprint.md,Government-Deployment-Blueprint.md,doctrine,MOB,active_supporting,public,needs_owner_mapping,cf8028234454111c4ce49b509026e4825a864990ed763ff1724235a523a0ce0a
docs/GBP/Mission-Readiness-Index.md,Mission-Readiness-Index.md,approval_result,GBP,review_held,held,needs_owner_mapping,a18cd830394ec5d12ed93f82137b2c94912b61db19cf1aae347725d99a6531d4
docs/GBP/Phase-3-Outcome-Engines.md,Phase-3-Outcome-Engines.md,doctrine,MOB,review_held,held,needs_owner_mapping,d6416571283888fe17a1e369c51aa6b56a33a5d5b0a9f05cbd8612a0340b7ad0
docs/GBP/Phase-4-Deployment-Profiles.md,Phase-4-Deployment-Profiles.md,doctrine,MOB,review_held,protected,needs_owner_mapping,9977f69da45be6c53484abf9c6bf5af620f90cbe22d75435dcd192c912e08e20
docs/GBP/Phase-4-Deployment-Profiles.release-draft.md,Phase-4-Deployment-Profiles.release-draft.md,policy,MOB,review_held,restricted,needs_owner_mapping,3430a16f5e3de372cbba7a84a1fd5a8f9bacfdada9d65381f27938347d1a6f67
docs/GITHUB_ACTIONS_SENTINELOS_REPAIR_REPORT_2026-05-08.md,GITHUB_ACTIONS_SENTINELOS_REPAIR_REPORT_2026-05-08.md,policy,sentinel_ai,review_held,public,needs_owner_mapping,2b62bd9425a682a1e2404cca57646cb2e495405a452d924d60b62e8f713c59fe
docs/GOVERNANCE_COMPLIANCE_EVIDENCE_INDEX_2026-06-14.md,GOVERNANCE_COMPLIANCE_EVIDENCE_INDEX_2026-06-14.md,policy,sentinel_ai,review_held,public,docs/RECORD_CLASSIFICATION_DIRECTIVE_RECONCILIATION_2026-06-12.md,057fca9be969de12e0e8c33fb04db2b8c21056575e0bfffd2c6dc4f2d2ce137f
docs/GOVERNANCE_COMPLIANCE_SETTLEMENT_PACKET_2026-06-14.md,GOVERNANCE_COMPLIANCE_SETTLEMENT_PACKET_2026-06-14.md,policy,sentinel_ai,review_held,restricted,docs/SENTINEL_AI_RECORD_CLASSIFICATION_AND_ACCESS_SEGREGATION_POLICY_2026-06-12.md,e87e65e99cdc533c4a84656e639cbd23dd7ae04115be1ed210dfb6dd166f81a7
docs/GOVERNANCE_PREFLIGHT.md,GOVERNANCE_PREFLIGHT.md,policy,sentinel_ai,canonical_active,restricted,needs_owner_mapping,e4224d9cff7374806d4acac7bb3d5df9c4976b76b594489211c4ff604836b21f
docs/GOVERNED_BLOCK_DEMO_MOMENT.md,GOVERNED_BLOCK_DEMO_MOMENT.md,operating_model,sentinel_ai,active_supporting,public,needs_owner_mapping,2c356a444aa7de6d2e2c45d8dd2fa9964328c9fe54dd65284ddc3ad23e12c6bf
docs/GOVERNED_TELEMETRY_HARMONIZER.md,GOVERNED_TELEMETRY_HARMONIZER.md,policy,runtime,active_supporting,public,needs_owner_mapping,fb457faa093c32551b5c208f34d09642460901e97129c7db1707233025dc686a
docs/GOVERNMENT_OUTCOME_OPERATING_SYSTEM_REVIEW_PACKET_2026-06-12.md,GOVERNMENT_OUTCOME_OPERATING_SYSTEM_REVIEW_PACKET_2026-06-12.md,policy,sentinel_ai,review_held,public,needs_owner_mapping,bcfd32d0dc1e49528470f6cb6c7e0c9a1705cbf2d80fc9b60e44345fe7224b0e
docs/GOVERNMENT_OUTCOME_OWNER_ADDITIONS_RESULT_2026-06-12.md,GOVERNMENT_OUTCOME_OWNER_ADDITIONS_RESULT_2026-06-12.md,policy,sentinel_ai,active_supporting,internal,needs_owner_mapping,1705d5295765cec0ab11d0de6b2ec96792040394e86c692fc77d77f35a76881b
docs/GOVERNMENT_POSITIONING.md,GOVERNMENT_POSITIONING.md,approval_result,sentinel_ai,active_supporting,restricted,needs_owner_mapping,2ae450b650957d657a4a656cf7c2bfcf90aa2197289ebd3ed999118cb7ce63dd
docs/GO_TO_MARKET.md,GO_TO_MARKET.md,template,sentinel_ai,canonical_active,internal,needs_owner_mapping,dc212b130c8e4e12bd83cd88736d2169363b9ac0881a95aadfb21ec742acb325
docs/H1_GOVERNANCE_CLOSEOUT_AND_OWNER_DECISION_2026-06-30.md,H1_GOVERNANCE_CLOSEOUT_AND_OWNER_DECISION_2026-06-30.md,evidence,sentinel_ai,review_held,held,needs_owner_mapping,2f22afcbb4b4814ff26c5567db5c2d01ff37ea2b94a21cc3def01e1def05fa01
docs/H1_OWNERFI_PROOF_HEALTH_VALIDATION_RESULT_2026-06-30.md,H1_OWNERFI_PROOF_HEALTH_VALIDATION_RESULT_2026-06-30.md,approval_result,sentinel_ai,review_held,held,needs_owner_mapping,35a1248d4d2f6bf52d11c3739f834b69c5649c5047ceb9c69a7294ff544dc7e0
docs/HERGLASS_FACEPLANE_PLAN.md,HERGLASS_FACEPLANE_PLAN.md,evidence,sentinel_ai,archive_candidate,internal,needs_owner_mapping,978fbebf12ac7853243a1729f5c0b54b348b83d48d5ff75949639917ed926add
docs/HOLD_AND_OBSERVE_CLOSEOUT_2026-05-29.md,HOLD_AND_OBSERVE_CLOSEOUT_2026-05-29.md,archive_candidate,sentinel_ai,review_held,public,needs_owner_mapping,f1a5bd2add68c09a4552185652cfa2efe296db3dc45c19727b5b09a4b8609852
docs/INVARIANTS.md,INVARIANTS.md,approval_result,sentinel_ai,archive_candidate,public,needs_owner_mapping,73f4af9b232afda9d81987201a8c847fbc8304f1a96619fecbe50d3a2b93bf1c
docs/JULY_01_CADENCE_INDEX_2026-07-01.md,JULY_01_CADENCE_INDEX_2026-07-01.md,operating_model,MOB,active_supporting,public,docs/NUNN_CORPORATION_MASTER_OPERATING_BINDER_2026-06-15.md,1de747318ad2ce342db01e409280237466d0703e22becbd6730a637d8e31ebb2
docs/JULY_01_DAILY_EXECUTIVE_CADENCE_2026-07-01.md,JULY_01_DAILY_EXECUTIVE_CADENCE_2026-07-01.md,doctrine,MOB,active_supporting,public,docs/NUNN_CORPORATION_MASTER_OPERATING_BINDER_2026-06-15.md,b70938973d4c4cd30d5e60e90fdb8d67dca0ded4197cf575b6da1607bfe34581
docs/JULY_01_WEEKLY_EXECUTIVE_CADENCE_START_2026-07-01.md,JULY_01_WEEKLY_EXECUTIVE_CADENCE_START_2026-07-01.md,operating_model,MOB,review_held,public,docs/NUNN_CORPORATION_MASTER_OPERATING_BINDER_2026-06-15.md,139baf93a217d963e663e9e59a289e818beae640fb6282f03963810245eb49c1
docs/JULY_03_CADENCE_INDEX_2026-07-03.md,JULY_03_CADENCE_INDEX_2026-07-03.md,operating_model,sentinel_ai,historical,public,docs/JULY_03_MASTER_OPERATING_BLUEPRINT_OVERLAY_2026-07-03.md,4b671c1bd998ee9db08982850899a3ecebdf944dccb6c7001175247b229ab8ae
docs/JULY_03_DAILY_EXECUTIVE_CADENCE_2026-07-03.md,JULY_03_DAILY_EXECUTIVE_CADENCE_2026-07-03.md,operating_model,sentinel_ai,active_supporting,protected,needs_owner_mapping,a796118a5b76e3bc16f75d14a7c1a4270a1e35ba223b34e94815b2a6547abc2c
docs/JULY_03_EXECUTIVE_TEMPLATE_PACKET_PROCESSING_RESULT_2026-07-03.md,JULY_03_EXECUTIVE_TEMPLATE_PACKET_PROCESSING_RESULT_2026-07-03.md,operating_model,sentinel_ai,historical,restricted,needs_owner_mapping,9d33b6ce922a3a56f71e0733adfc712e825d9a8f5bca466aae2a3ff33825dc1b
docs/JULY_03_MASTER_OPERATING_BLUEPRINT_OVERLAY_2026-07-03.md,JULY_03_MASTER_OPERATING_BLUEPRINT_OVERLAY_2026-07-03.md,policy,MOB,canonical_active,restricted,docs/NUNN_CORPORATION_MASTER_OPERATING_BINDER_2026-06-15.md,1e71591a7f25766a94494d89915b6169e47232702a5b7e23cc50c2efe9f1842a
docs/JULY_03_NEXT_ACTIONS_HOLDING_RESULT_2026-07-03.md,JULY_03_NEXT_ACTIONS_HOLDING_RESULT_2026-07-03.md,policy,sentinel_ai,review_held,protected,needs_owner_mapping,f731aa82186f37d64b17bb76629dfa82d899cff1d744d9ee7adb5fe6b2ca7963
docs/JULY_03_OPERATING_SEQUENCE_COMPLETION_RESULT_2026-07-03.md,JULY_03_OPERATING_SEQUENCE_COMPLETION_RESULT_2026-07-03.md,operating_model,MOB,active_supporting,restricted,needs_owner_mapping,b15b832918b482b8f12c025dcbcc15b3989e8adcb2f1fde07d04176562109330
docs/JULY_03_WEEKLY_CADENCE_CLOSEOUT_2026-07-03.md,JULY_03_WEEKLY_CADENCE_CLOSEOUT_2026-07-03.md,operating_model,MOB,review_held,public,docs/NUNN_CORPORATION_MASTER_OPERATING_BINDER_2026-06-15.md,9c9cbdf5544cb5e23ec7bae7fd3ecccddb105b08f7ad48044be5e62f5d06fd32
docs/JULY_04_HOLIDAY_SHUTDOWN_HOLD_2026-07-04.md,JULY_04_HOLIDAY_SHUTDOWN_HOLD_2026-07-04.md,cadence,sentinel_ai,review_held,public,needs_owner_mapping,7cbd882e568a940b3c779e7cb6c5fc0be004dc65db94e0a0c50eeda15c805be5
docs/JULY_05_CADENCE_INDEX_2026-07-05.md,JULY_05_CADENCE_INDEX_2026-07-05.md,operating_model,MOB,superseded,public,docs/NUNN_CORPORATION_MASTER_OPERATING_BINDER_2026-06-15.md,f96aea562bf7493a87252ff206c54d7b308d85a5a62abaf539accdcf2ab6bc5e
docs/JULY_05_DAILY_AND_WEEKLY_CADENCE_CLOSEOUT_2026-07-05.md,JULY_05_DAILY_AND_WEEKLY_CADENCE_CLOSEOUT_2026-07-05.md,operating_model,MOB,review_held,public,docs/NUNN_CORPORATION_MASTER_OPERATING_BINDER_2026-06-15.md,10a5a6c0b0555ae9d50888854fcc57ea2e0cb86cdfa969f86c3e3d90743a5b2d
docs/JULY_05_EXECUTIVE_MOB_BOARD_COMPARISON_2026-07-05.md,JULY_05_EXECUTIVE_MOB_BOARD_COMPARISON_2026-07-05.md,operating_model,MOB,review_held,public,docs/NUNN_CORPORATION_MASTER_OPERATING_BINDER_2026-06-15.md,ba67943b0d89388dc07120c3b0eb7f10d5e758286a35bfe659f21cb42fef2be8
docs/JULY_05_MOB_DRIFT_REPORT_2026-07-05.md,JULY_05_MOB_DRIFT_REPORT_2026-07-05.md,operating_model,MOB,review_held,public,docs/NUNN_CORPORATION_MASTER_OPERATING_BINDER_2026-06-15.md,2b6c2fae2390bd8a221a049489f046d0fd8e04f23cca83a3d4929eda7cefbbbe
docs/JULY_MONTHLY_OPERATING_BRIEF_2026-07-01.md,JULY_MONTHLY_OPERATING_BRIEF_2026-07-01.md,doctrine,MOB,canonical_active,public,docs/NUNN_CORPORATION_MASTER_OPERATING_BINDER_2026-06-15.md,0b3f4f91e06463b7d9cfad1dc0ba6f91b4508bb57950e342e988d8c3151bede4
docs/JULY_MONTHLY_OPERATING_CADENCE_START_2026-07-01.md,JULY_MONTHLY_OPERATING_CADENCE_START_2026-07-01.md,operating_model,MOB,active_supporting,public,docs/NUNN_CORPORATION_MASTER_OPERATING_BINDER_2026-06-15.md,0a2e2ae2ccbcfb0b1cb3a34e0870ead08d037c78f11a4e0fec9aed52d91dfb15
docs/JULY_PRIORITY_QUEUE_DEEP_DIVE_DECISION_PACKETS_2026-06-30.md,JULY_PRIORITY_QUEUE_DEEP_DIVE_DECISION_PACKETS_2026-06-30.md,operating_model,MOB,review_held,held,docs/NUNN_CORPORATION_MASTER_OPERATING_BINDER_2026-06-15.md,8e20c95f84467c3c7a9b141181a2e2f2e5f3ecffc5b9b2e5e4e642977c08d355
docs/JULY_PRIORITY_QUEUE_READINESS_PACKET_2026-06-30.md,JULY_PRIORITY_QUEUE_READINESS_PACKET_2026-06-30.md,operating_model,MOB,review_held,held,docs/NUNN_CORPORATION_MASTER_OPERATING_BINDER_2026-06-15.md,5d85fee0a83cdfc6a2f6fb6217d1684bca129852cbbec2972383d8fba794dba2
docs/JULY_PRIORITY_QUEUE_READINESS_PROCESSING_RESULT_2026-06-30.md,JULY_PRIORITY_QUEUE_READINESS_PROCESSING_RESULT_2026-06-30.md,operating_model,MOB,review_held,held,docs/NUNN_CORPORATION_MASTER_OPERATING_BINDER_2026-06-15.md,bf0902717b3aea1f53bc93b7f96d84a6f7776969323067f06e807e1520329d76
docs/JULY_QUEUE_ORDER_AND_FIRST_ACTION_APPROVAL_RESULT_2026-06-30.md,JULY_QUEUE_ORDER_AND_FIRST_ACTION_APPROVAL_RESULT_2026-06-30.md,approval_result,sentinel_ai,active_supporting,internal,needs_owner_mapping,133eb5139f9bfca4a8c9aea6c6628a96c5cfa3379b489830de2b1af5d22ab92d
docs/JUNE_30_CURRENT_TRUTH_REESTABLISHMENT_2026-06-30.md,JUNE_30_CURRENT_TRUTH_REESTABLISHMENT_2026-06-30.md,operating_model,sentinel_ai,active_supporting,public,needs_owner_mapping,54213422c81451d135807876476ff946924f8236e65ea5baf0c767fb17d25abd
docs/JUNE_30_DAILY_CLOSEOUT_AND_TOMORROW_START_2026-06-30.md,JUNE_30_DAILY_CLOSEOUT_AND_TOMORROW_START_2026-06-30.md,cadence,sentinel_ai,active_supporting,internal,needs_owner_mapping,b6e3bccf35d0d0e2a04c15eb412a9a4ca7458648b1d0d89feaac1a56bc03d4c1
docs/JUNE_CLOSEOUT_AND_RUNTIME_ALIGNMENT_SCAN_2026-07-06.md,JUNE_CLOSEOUT_AND_RUNTIME_ALIGNMENT_SCAN_2026-07-06.md,policy,MOB,review_held,public,docs/NUNN_CORPORATION_MASTER_OPERATING_BINDER_2026-06-15.md,3aa0a4360aa2dd764d014875e624b1a2a67d01ed10095607866dfeeb65290b37
docs/LIVE_PROOF_HEALTH_RETRY_RESULT_2026-06-30.md,LIVE_PROOF_HEALTH_RETRY_RESULT_2026-06-30.md,operating_model,sentinel_ai,archive_candidate,internal,needs_owner_mapping,a72db22937d72befd651f58b1e7d07a078bc830c5ca07d9b9270f976830e2242
docs/LIVE_PROOF_HEALTH_VERIFICATION_RESULT_2026-06-30.md,LIVE_PROOF_HEALTH_VERIFICATION_RESULT_2026-06-30.md,review_result,sentinel_ai,review_held,public,needs_owner_mapping,8cf769f243156f7a7028eab37c42bfe772da70e5ca5551aa2d9a047eed639236
docs/LOCAL_SENTINEL_AI_GOVERNANCE_CONTINUITY_RESULT_2026-07-03.md,LOCAL_SENTINEL_AI_GOVERNANCE_CONTINUITY_RESULT_2026-07-03.md,policy,sentinel_ai,review_held,protected,needs_owner_mapping,abb2ddc452108cf003ce34c2058d22110cef0ee26ff33ae37682ee192621647e
docs/LOCAL_SENTINEL_AI_NEXT_STEPS_PROCESSING_AND_QUALITY_EVALUATION_2026-07-03.md,LOCAL_SENTINEL_AI_NEXT_STEPS_PROCESSING_AND_QUALITY_EVALUATION_2026-07-03.md,policy,sentinel_ai,historical,public,needs_owner_mapping,c508d4e3cb72570fe507133398426c94835a7c8c33a0c5711cc1ec0e2846695c
docs/LOCAL_SENTINEL_DOCKING_ASSET_CLASSIFICATION_RESULT_2026-07-03.md,LOCAL_SENTINEL_DOCKING_ASSET_CLASSIFICATION_RESULT_2026-07-03.md,policy,sentinel_ai,review_held,public,needs_owner_mapping,e59e7d511033d52baadb77fe7fdf9ed3ed49c0d49f8f03ae45e4c65d7f9c7af1
docs/LOCAL_SENTINEL_LIGHT_QUANTITATIVE_NEXT_STEPS_RESULT_2026-07-03.md,LOCAL_SENTINEL_LIGHT_QUANTITATIVE_NEXT_STEPS_RESULT_2026-07-03.md,policy,sentinel_ai,review_held,public,needs_owner_mapping,e39a6d3d27d59aa41ea3459cfcc95ce85505dbecaddd038309c389500442b45c
docs/MAIN_ENTITY_INQUIRY_PORTAL_ACTIVATION_REVIEW_2026-06-18.md,MAIN_ENTITY_INQUIRY_PORTAL_ACTIVATION_REVIEW_2026-06-18.md,operating_model,sentinel_ai,review_held,public,needs_owner_mapping,55f3d833be1e78c533143a1e16cb625659707741db1339bf5f93d9293dfa9af5
docs/MAIN_ENTITY_INQUIRY_PORTAL_ACTIVATION_REVIEW_RESULT_2026-06-18.md,MAIN_ENTITY_INQUIRY_PORTAL_ACTIVATION_REVIEW_RESULT_2026-06-18.md,approval_result,sentinel_ai,review_held,public,needs_owner_mapping,b08c2bf70340833dcfdf2bc2fa42087ea10d9290904c006d2994ee7ead6f1457
docs/MAIN_ENTITY_INQUIRY_PORTAL_REVIEW_RESULT_2026-06-15.md,MAIN_ENTITY_INQUIRY_PORTAL_REVIEW_RESULT_2026-06-15.md,cadence,sentinel_ai,active_supporting,public,needs_owner_mapping,414777161b9dc0fa36d2d57aaa163a2eefa94be9ec25625828276a5a3c0090f1
docs/MICROSOFT_SENTINEL.md,MICROSOFT_SENTINEL.md,template,sentinel_ai,active_supporting,restricted,needs_owner_mapping,e357035046692c7a5f69edc428756f1e9fcb1154e31354bbc0f0e1ac2ebaa515
docs/MICROSOFT_SENTINEL_ALIGNMENT_PACKET_REVIEW_2026-05-30.md,MICROSOFT_SENTINEL_ALIGNMENT_PACKET_REVIEW_2026-05-30.md,operating_model,sentinel_ai,active_supporting,restricted,needs_owner_mapping,a50510684e7f5ac2c78240811301daadad4fc4ca6e11d0921f558dad42c7e88e
docs/MICROSOFT_SENTINEL_ANALYTICS_RULE_DESIGN_ONLY_REQUEST_2026-05-30.md,MICROSOFT_SENTINEL_ANALYTICS_RULE_DESIGN_ONLY_REQUEST_2026-05-30.md,policy,sentinel_ai,review_held,public,needs_owner_mapping,4aa592f4cffe90606987d31be39a655dd3201401c077cab4e5daa2b352321a9b
docs/MICROSOFT_SENTINEL_APPROVED_SCOPE_AND_RECOMMENDATION_REVIEW_2026-05-31.md,MICROSOFT_SENTINEL_APPROVED_SCOPE_AND_RECOMMENDATION_REVIEW_2026-05-31.md,operating_model,sentinel_ai,review_held,restricted,needs_owner_mapping,113c80888cb5c3a83bbbfe34575d29251aca7cff4358f6800f23efb116efb014
docs/MICROSOFT_SENTINEL_AUTONOMOUS_REVIEW_COMMAND_ENVELOPE_2026-05-30.md,MICROSOFT_SENTINEL_AUTONOMOUS_REVIEW_COMMAND_ENVELOPE_2026-05-30.md,template,sentinel_ai,review_held,held,needs_owner_mapping,200f84705659633088a1fdb052fb149aa0cff29f641e0dac22e0a4f3495f5749
docs/MICROSOFT_SENTINEL_AUTONOMOUS_REVIEW_RESULT_2026-05-30.md,MICROSOFT_SENTINEL_AUTONOMOUS_REVIEW_RESULT_2026-05-30.md,review_result,sentinel_ai,active_supporting,restricted,needs_owner_mapping,d1f6e2ce9a2dabf0b016033c3b697c158e18df2044d90fca5485133ab90a1b83
docs/MICROSOFT_SENTINEL_DAILY_CADENCE_CLOSEOUT_2026-05-31.md,MICROSOFT_SENTINEL_DAILY_CADENCE_CLOSEOUT_2026-05-31.md,operating_model,sentinel_ai,review_held,restricted,needs_owner_mapping,ca9a7ae4ea6f3026ec85722de1947532e4bf9c2d634008394258ebf6c9fd934a
docs/MICROSOFT_SENTINEL_DIAGNOSTIC_SETTINGS_IMPLEMENTATION_AUTHORITY_PACKET_2026-06-01.md,MICROSOFT_SENTINEL_DIAGNOSTIC_SETTINGS_IMPLEMENTATION_AUTHORITY_PACKET_2026-06-01.md,operating_model,sentinel_ai,review_held,held,needs_owner_mapping,ebd8deff4cab87c1241d934a07a92d65ff5cdbd223fc77c1ff80c8573fa4fca9
docs/MICROSOFT_SENTINEL_HOLD_AND_OBSERVE_2026-05-30.md,MICROSOFT_SENTINEL_HOLD_AND_OBSERVE_2026-05-30.md,evidence,sentinel_ai,review_held,restricted,needs_owner_mapping,2d8a06253e5bd63e0148f3474f471384770ec54804b5ab840cb9049207372bd0
docs/MICROSOFT_SENTINEL_IMPLEMENTATION_AUTHORITY_PACKET_2026-05-30.md,MICROSOFT_SENTINEL_IMPLEMENTATION_AUTHORITY_PACKET_2026-05-30.md,approval_result,sentinel_ai,review_held,restricted,needs_owner_mapping,323e1d2857a85a5b8b96aecc3e36961506d6894a88b4921474b05fa7674736cc
docs/MICROSOFT_SENTINEL_MORNING_DECISION_POINTS_2026-05-30.md,MICROSOFT_SENTINEL_MORNING_DECISION_POINTS_2026-05-30.md,operating_model,sentinel_ai,review_held,held,needs_owner_mapping,a77df55a8c572aed430416af4fa004fb4490afa360901b0b246e276b71bb11db
docs/MICROSOFT_SENTINEL_NEXT_DECISION_GATE_2026-05-30.md,MICROSOFT_SENTINEL_NEXT_DECISION_GATE_2026-05-30.md,approval_result,sentinel_ai,review_held,public,needs_owner_mapping,bc1569775d63007ae8cf3776cb12e57402e6881b5dc2dd958f72c23948ad40a1
docs/MICROSOFT_SENTINEL_OBSERVABILITY_ALIGNMENT_REVIEW_2026-05-29.md,MICROSOFT_SENTINEL_OBSERVABILITY_ALIGNMENT_REVIEW_2026-05-29.md,evidence,sentinel_ai,active_supporting,protected,needs_owner_mapping,b002efee8919a68250d8ae4c584e92cede6fcbfc9010e121a8082c6a27608418
docs/MICROSOFT_SENTINEL_OBSERVABILITY_SEQUENCE_REVIEW_2026-05-30.md,MICROSOFT_SENTINEL_OBSERVABILITY_SEQUENCE_REVIEW_2026-05-30.md,operating_model,sentinel_ai,review_held,held,needs_owner_mapping,33ac8ba5bfa065ffa3da6c50d6dad8ec4a703cac8d30b22f21b436d36da6e08a
docs/MICROSOFT_SENTINEL_OUTSTANDING_PRECONDITIONS_CLOSEOUT_2026-05-30.md,MICROSOFT_SENTINEL_OUTSTANDING_PRECONDITIONS_CLOSEOUT_2026-05-30.md,operating_model,sentinel_ai,review_held,held,needs_owner_mapping,e085551abb9b9b06aa143046f2eaabc40fb5a7c10494ffb0f841cfb3e42e8ce0
docs/MICROSOFT_SENTINEL_PHASE1_ACCEPTANCE_PACKET_2026-05-29.md,MICROSOFT_SENTINEL_PHASE1_ACCEPTANCE_PACKET_2026-05-29.md,evidence,sentinel_ai,review_held,restricted,needs_owner_mapping,b9df801c1cb287f244566889caa9242358f704efa4336fd79589c70b7f953de6
docs/MICROSOFT_SENTINEL_PHASE1_ACCEPTANCE_REVIEW_2026-05-30.md,MICROSOFT_SENTINEL_PHASE1_ACCEPTANCE_REVIEW_2026-05-30.md,evidence,sentinel_ai,review_held,restricted,needs_owner_mapping,e79778977f7dd25704f34d56124564d38d1b5fc0399932677e92ef5e3ad78255
docs/MICROSOFT_SENTINEL_PLANNING_WAR_ROOM_SCAN_2026-05-30.md,MICROSOFT_SENTINEL_PLANNING_WAR_ROOM_SCAN_2026-05-30.md,operating_model,sentinel_ai,review_held,held,needs_owner_mapping,8912c3fbf45e90d83ccd2eddd9276b52e3d81b68034b85dbbc5cd72db8ffe169
docs/MICROSOFT_SENTINEL_READ_ONLY_AZURE_DISCOVERY_RESULT_2026-05-30.md,MICROSOFT_SENTINEL_READ_ONLY_AZURE_DISCOVERY_RESULT_2026-05-30.md,approval_result,sentinel_ai,active_supporting,restricted,needs_owner_mapping,2c06e9fe1755060542891e56a995d551f258dedcf970585a22155d890b4b4a04
docs/MINIMUM_FIRST_GOVERNMENT_OUTCOME_IDENTITY_AND_OUTCOME_PROCESSING_RESULT_2026-06-18.md,MINIMUM_FIRST_GOVERNMENT_OUTCOME_IDENTITY_AND_OUTCOME_PROCESSING_RESULT_2026-06-18.md,operating_model,sentinel_ai,active_supporting,public,needs_owner_mapping,607da4a333fa5f860ecff58ae7316ca8f90e25bc1345d700efdbf19d5fcce8cd
docs/MISSION_CONTROL_COCKPIT_CHECKIN_2026-07-02.md,MISSION_CONTROL_COCKPIT_CHECKIN_2026-07-02.md,evidence,sentinel_ai,active_supporting,protected,needs_owner_mapping,ce5ccf558abd9f7d79d9cd8a4dd858df8ca03d4e2da3aa2eeac14fc57a46e3b0
docs/MISSION_CONTROL_ROUTE_CLASSIFICATION_PUBLIC_PROTECTED_INTERNAL_HELD_2026-07-06.md,MISSION_CONTROL_ROUTE_CLASSIFICATION_PUBLIC_PROTECTED_INTERNAL_HELD_2026-07-06.md,policy,sentinel_ai,active_supporting,protected,needs_owner_mapping,4b8a21864e87ff3b0a3ac82c003afd0b9ad471cffd1580c75653c8cab68ff850
docs/MISSION_CONTROL_SECURITY_AND_PLATFORM_REVIEW_GATE_2026-07-06.md,MISSION_CONTROL_SECURITY_AND_PLATFORM_REVIEW_GATE_2026-07-06.md,review_result,sentinel_ai,active_supporting,restricted,needs_owner_mapping,393eb33894e34087b4101b56b5cb8b3d358d506de9c940a645f885be400fe249
docs/MISSION_CONTROL_SECURITY_AND_PLATFORM_REVIEW_RESULT_2026-07-06.md,MISSION_CONTROL_SECURITY_AND_PLATFORM_REVIEW_RESULT_2026-07-06.md,approval_result,sentinel_ai,active_supporting,public,needs_owner_mapping,b5c5812b8938d24a496d6e9f44493593bce9a0cad1c888493c618daef8c4fde2
docs/MISSION_CONTROL_TO_SENTINEL_MAPPING_2026-05-29.md,MISSION_CONTROL_TO_SENTINEL_MAPPING_2026-05-29.md,evidence,sentinel_ai,active_supporting,public,needs_owner_mapping,46bed32de352a27e7d7a4594fcdac353bd06ebd8617c651e597747a34ab653ff
docs/MOB_COMPLETION_QUEUE_REFRESH_OVERLAY_2026-07-05.md,MOB_COMPLETION_QUEUE_REFRESH_OVERLAY_2026-07-05.md,operating_model,MOB,review_held,public,docs/NUNN_CORPORATION_MASTER_OPERATING_BINDER_2026-06-15.md,eb8a301265eb2887904a5f76544976ec691c06be5a5de777b1a823c0706c7e6b
docs/MOB_FIRST_MOVEMENT_PACKET_GATE_8_REGRESSION_PROOF_2026-07-05.md,MOB_FIRST_MOVEMENT_PACKET_GATE_8_REGRESSION_PROOF_2026-07-05.md,operating_model,MOB,review_held,public,docs/NUNN_CORPORATION_MASTER_OPERATING_BINDER_2026-06-15.md,0bdc33c77bf011f584da057c714b1b16dc76bd57ec72081def63e1b536c2e69e
docs/MOB_MOVEMENT_MAP_2026-07-05.md,MOB_MOVEMENT_MAP_2026-07-05.md,operating_model,MOB,historical,public,docs/NUNN_CORPORATION_MASTER_OPERATING_BINDER_2026-06-15.md,9fb068ded07b518d1f43fc0dafb105ea0f2fc6e02a0fae8e32e06529d28c8b9b
docs/MOB_MOVEMENT_QUEUE_PROCESSING_RESULT_2026-07-05.md,MOB_MOVEMENT_QUEUE_PROCESSING_RESULT_2026-07-05.md,operating_model,MOB,historical,public,docs/NUNN_CORPORATION_MASTER_OPERATING_BINDER_2026-06-15.md,4d8363f2e11f12b5d5375bc2db0b22946042a661fc8e2e9299a03a6eb4e25494
docs/MOB_NEXT_STEPS_TEMPLATE_2026-07-05.md,MOB_NEXT_STEPS_TEMPLATE_2026-07-05.md,operating_model,MOB,review_held,public,docs/NUNN_CORPORATION_MASTER_OPERATING_BINDER_2026-06-15.md,de7b1f0eb8d49c2c9dc839c58d6efeb61b243385403a424c3627eb69bf053e2d
docs/MOB_VERIFICATION_MATRIX_ADDENDUM_2026-07-05.md,MOB_VERIFICATION_MATRIX_ADDENDUM_2026-07-05.md,operating_model,MOB,active_supporting,public,docs/NUNN_CORPORATION_MASTER_OPERATING_BINDER_2026-06-15.md,7235ede3c28747ff87e2e2d21776f76e0532f94b668f25d84df1c4c81d9dd0ee
docs/MONDAY_DAILY_EXECUTIVE_CADENCE_2026-06-15.md,MONDAY_DAILY_EXECUTIVE_CADENCE_2026-06-15.md,operating_model,MOB,review_held,restricted,docs/NUNN_CORPORATION_MASTER_OPERATING_BINDER_2026-06-15.md,7ead0e02ed92fd5ca390693b3eedda9ae7bd35f45562dafeae29a7e58f423669
docs/MONDAY_EXECUTIVE_ROUTING_UPDATE_2026-06-15.md,MONDAY_EXECUTIVE_ROUTING_UPDATE_2026-06-15.md,cadence,sentinel_ai,review_held,held,needs_owner_mapping,eca5eff34e941c5350fd0afebd4d8553a4ca30e57ca0e30787ee597c043071ee
docs/MONDAY_INTERNAL_SUPPORT_DISBURSEMENT_PACKET_2026-06-15.md,MONDAY_INTERNAL_SUPPORT_DISBURSEMENT_PACKET_2026-06-15.md,operating_model,sentinel_ai,review_held,held,needs_owner_mapping,09c680c74379a8bfe8c11eea73d38f6b10fd10287c3f905533b70db9d931bd3a
docs/MONDAY_WEEKLY_EXECUTIVE_CADENCE_START_2026-06-15.md,MONDAY_WEEKLY_EXECUTIVE_CADENCE_START_2026-06-15.md,operating_model,MOB,review_held,restricted,docs/NUNN_CORPORATION_MASTER_OPERATING_BINDER_2026-06-15.md,1ead872c9af6e6d342c27c0cdc4ca048dcacbdd68c25de83c8a27b94ce7ebf65
docs/NEXT_RUNTIME_UPGRADE_CANDIDATE_SELECTION_2026-07-06.md,NEXT_RUNTIME_UPGRADE_CANDIDATE_SELECTION_2026-07-06.md,template,MOB,review_held,public,needs_owner_mapping,ea25aa9de4b095cb534baa774d6153093262d424bd690aa11f46ea43b39a7988
docs/NEXT_STEPS.md,NEXT_STEPS.md,blueprint,MOB,review_held,public,docs/JULY_03_MASTER_OPERATING_BLUEPRINT_OVERLAY_2026-07-03.md,11d63acb8946c067194a80289819634b9a10ceee634299ea83448586b4f6a376
docs/NEXT_STEPS_1_4_PROCESSING_RESULT_2026-07-03.md,NEXT_STEPS_1_4_PROCESSING_RESULT_2026-07-03.md,approval_result,sentinel_ai,review_held,public,needs_owner_mapping,4326ffe9c5118e64fb6d48633aa8359aef86ec0a8c8d188ad797ae503129a558
docs/NEXT_STEPS_DEEP_DIVE_SUMMARIES_2026-07-03.md,NEXT_STEPS_DEEP_DIVE_SUMMARIES_2026-07-03.md,approval_result,sentinel_ai,review_held,restricted,needs_owner_mapping,e0dc941af26c872dca60ba5835f4180e0b31d0f90b3b8a9be6f75cc18588aa27
docs/NEXT_STEPS_GATES_1_4_PROCESSING_RESULT_2026-07-03.md,NEXT_STEPS_GATES_1_4_PROCESSING_RESULT_2026-07-03.md,evidence,sentinel_ai,historical,restricted,needs_owner_mapping,3b0d74956ab74ce8b4a652ee37349c0cf96d45376f01569cf0b6c3b46a04a35e
docs/NOTION_BRIEF_JUNE_SENTINELOS_PROGRESS_UPDATE_2026-06-18.md,NOTION_BRIEF_JUNE_SENTINELOS_PROGRESS_UPDATE_2026-06-18.md,policy,sentinel_ai,active_supporting,public,needs_owner_mapping,9c579d7d7d5a95e58fd5a08238515b12d0cf6b9bea3270ff315c36601001c2ec
docs/NUMBERED_TODO_PROCESSING_RESULT_2026-06-19.md,NUMBERED_TODO_PROCESSING_RESULT_2026-06-19.md,template,sentinel_ai,unresolved,internal,needs_owner_mapping,a682528e6d4df5e734f12246d3ec294b7c65c477648782f82f3959a8bd250a19
docs/NUNNCORPORATION_PUBLIC_FRONT_DOOR_VERIFICATION_RESULT_2026-07-03.md,NUNNCORPORATION_PUBLIC_FRONT_DOOR_VERIFICATION_RESULT_2026-07-03.md,review_result,sentinel_ai,active_supporting,public,needs_owner_mapping,e0e7899c7730fb9d461b11c528f3300c72921d845e8aa72f6f727c55333dd3bf
docs/NUNNCORP_MONO_CDNLUX_INVENTORY.md,NUNNCORP_MONO_CDNLUX_INVENTORY.md,archive_candidate,sentinel_os,canonical_active,internal,needs_owner_mapping,ea978a715a3d13b6f88be90f56a063d0525bead98981ff262954b061118e1b68
docs/NUNNCORP_SENTINELOS_ISSUE_SUPPORT_TRACKER_2026-06-14.md,NUNNCORP_SENTINELOS_ISSUE_SUPPORT_TRACKER_2026-06-14.md,policy,sentinel_ai,review_held,restricted,needs_owner_mapping,d2d2fc1a49e7f6cce6964b2e7f34dd99cda136dc781aca56fa2ed9fb9abbb3cb
docs/NUNN_CLOUD_CONTROL_SURFACE_OPERATING_MODEL.md,NUNN_CLOUD_CONTROL_SURFACE_OPERATING_MODEL.md,policy,sentinel_os,canonical_active,internal,needs_owner_mapping,5ad08dd70343fe42c32f3f8992f4ff5936b6f342efe382497482d85c797fa573
docs/NUNN_CORPORATION_MASTER_OPERATING_BINDER_2026-06-15.md,NUNN_CORPORATION_MASTER_OPERATING_BINDER_2026-06-15.md,doctrine,MOB,superseded,restricted,docs/NUNN_CORPORATION_MASTER_OPERATING_BINDER_2026-06-15.md,6001a12b0910e08d92b3bc660d8116f75fe41cb1345afef0750142d66e8d73c6
docs/NUNN_GOVERNANCE_DOCTRINE_v1.md,NUNN_GOVERNANCE_DOCTRINE_v1.md,doctrine,product,review_held,restricted,needs_owner_mapping,e9b91092ad662a4ace93bcb3ccc11ace3decf281067f7ed62ca62398524b0aa2
docs/OBSERVABILITY_MATURATION_FOCUS_STATE_2026-05-29.md,OBSERVABILITY_MATURATION_FOCUS_STATE_2026-05-29.md,evidence,sentinel_ai,review_held,public,needs_owner_mapping,2cfd7e8b39a74c6f53b4cf96401ea342b569c1fff97f0a4bf9d0d9e2403be367
docs/OBSERVABILITY_PACKET_COMMIT_SCOPE_REQUEST_2026-05-30.md,OBSERVABILITY_PACKET_COMMIT_SCOPE_REQUEST_2026-05-30.md,implementation_manifest,sentinel_ai,active_supporting,restricted,needs_owner_mapping,2a7ed1ddaee048a6d9f34c6301e9eb4bfa906f545dbb9bc1abee6cb123fcc727
docs/OBSERVABILITY_PACKET_COMMIT_SCOPE_REVIEW_2026-05-30.md,OBSERVABILITY_PACKET_COMMIT_SCOPE_REVIEW_2026-05-30.md,operating_model,sentinel_ai,review_held,held,needs_owner_mapping,df12267026e3f1ce5938c870cbf449b98d675a6a7bc9ff4ae8fd55fa8fbb478a
docs/OBSERVABILITY_PACKET_MANIFEST_REVISION_2026-05-30.md,OBSERVABILITY_PACKET_MANIFEST_REVISION_2026-05-30.md,operating_model,sentinel_ai,review_held,restricted,needs_owner_mapping,16b28037331d1e4c0157c8b71738db54be76c31bd6de41bc7fb1b224f6eee6a4
docs/OBSERVABILITY_PACKET_SPLIT_REVIEW_2026-05-30.md,OBSERVABILITY_PACKET_SPLIT_REVIEW_2026-05-30.md,technical_design,sentinel_ai,review_held,restricted,needs_owner_mapping,3ff9781a0fd664b521eaa526801f5f6cd8050a4f82206b21ba5e881eae4e3463
docs/OBSERVABILITY_SIGNAL_CLASSIFICATION_MATRIX_2026-05-29.md,OBSERVABILITY_SIGNAL_CLASSIFICATION_MATRIX_2026-05-29.md,evidence,sentinel_ai,active_supporting,restricted,needs_owner_mapping,809dddb5ca38c7b2077869e5ae3c8fa327a2ec7dbd742a093bdb53831238a736
docs/OLDER_REPO_AZURE_CLI_SESSION_QUARANTINE_MANIFEST_2026-06-01.md,OLDER_REPO_AZURE_CLI_SESSION_QUARANTINE_MANIFEST_2026-06-01.md,approval_result,sentinel_ai,review_held,held,needs_owner_mapping,281b3c395969af2fd138f70ad02339370dfe9f21726a0f9765045d6bf16dcf03
docs/OLDER_REPO_DIFF_REVIEW_RESULT_2026-06-01.md,OLDER_REPO_DIFF_REVIEW_RESULT_2026-06-01.md,approval_result,sentinel_ai,review_held,held,needs_owner_mapping,ee0ae90669191597085a8c666edec888160310c89734b348a1febe5b7a7970ed
docs/OLDER_REPO_DIFF_REVIEW_RESULT_2026-06-11.md,OLDER_REPO_DIFF_REVIEW_RESULT_2026-06-11.md,policy,sentinel_ai,active_supporting,restricted,needs_owner_mapping,9e12a44c0282ed4e13254d8b66dbee03209d0687afbca1d8635fa0b417e904c6
docs/OLDER_REPO_SEPARATED_RESOLUTION_REQUIREMENTS_2026-06-11.md,OLDER_REPO_SEPARATED_RESOLUTION_REQUIREMENTS_2026-06-11.md,approval_result,sentinel_ai,review_held,restricted,needs_owner_mapping,4ef98fe73e72ac4778c65b7865a71ab2345f2bc51114ea7b11b46a850032d2b5
docs/OPENAI_FACEPLANE_PLAN.md,OPENAI_FACEPLANE_PLAN.md,doctrine,sentinel_ai,archive_candidate,public,needs_owner_mapping,8c096f72f2a3233270b049613eaeb6d136bea8391d6f8e7f279797f345303e5e
docs/OPEN_WORKTREE_ENTRY_TRACKER_2026-06-18.md,OPEN_WORKTREE_ENTRY_TRACKER_2026-06-18.md,policy,MOB,review_held,public,docs/NUNN_CORPORATION_MASTER_OPERATING_BINDER_2026-06-15.md,7081e2a3bb521ffdaab7bb34b9f8619000b0dd11173e3a8920c2626bb11b371d
docs/OPEN_WORK_CLOSEOUT_2026-05-31.md,OPEN_WORK_CLOSEOUT_2026-05-31.md,operating_model,sentinel_ai,review_held,public,needs_owner_mapping,bf5025564babf5ca3e0cf4bc3d2ec4c293a2cf9c7888da4b9030ee47cde2b650
docs/OPERATING_DIRECTIVE_LOCKED_ALIGNMENT_2026-07-03.md,OPERATING_DIRECTIVE_LOCKED_ALIGNMENT_2026-07-03.md,operating_model,sentinel_ai,review_held,held,needs_owner_mapping,4f147b598141a38ddcbe914a4f7d8be73cdefbad81ced6c1ace6f2d563fe541c
docs/OPERATIONAL_UPGRADE_FACEPLANE.md,OPERATIONAL_UPGRADE_FACEPLANE.md,policy,sentinel_ai,review_held,public,needs_owner_mapping,5f373684d69047796aa098d72424e6f4f44e282e71eca59c88754442b84fb8c9
docs/OPERATIONAL_UPGRADE_POSITIONING.md,OPERATIONAL_UPGRADE_POSITIONING.md,policy,sentinel_ai,active_supporting,public,needs_owner_mapping,cb0e6af48fc14a34c849d8bc57cef3bd6d6050bff30d48512177c9e2c7142721
docs/OUTREACH_ASSETS_ORGANIZATION_2026-05-11.md,OUTREACH_ASSETS_ORGANIZATION_2026-05-11.md,cadence,sentinel_ai,canonical_active,public,docs/REPO_CONTROL_LAYER.md,0c77a577fd70b2892f24aa4bcf16af8dac0b5cb1985de01807749d52a6f35734
docs/OWNERFI_AI_FINANCIAL_MANAGEMENT_CHECKSUM_MANIFEST_2026-07-03.json,OWNERFI_AI_FINANCIAL_MANAGEMENT_CHECKSUM_MANIFEST_2026-07-03.json,implementation_manifest,sentinel_ai,canonical_active,internal,needs_owner_mapping,8c72133b8c7c73f6a4d2c218edcebaf1bb7f54e3bd344f4bd26d00c220ca8e1c
docs/OWNERFI_AI_FINANCIAL_MANAGEMENT_MIGRATION_MANIFEST_2026-07-03.md,OWNERFI_AI_FINANCIAL_MANAGEMENT_MIGRATION_MANIFEST_2026-07-03.md,operating_model,sentinel_ai,superseded,internal,needs_owner_mapping,dddf910f0ad790f9a11022d5e1a00d2561a58e8289f8170a3c311e55272f2576
docs/OWNERFI_AI_FINANCIAL_MANAGEMENT_MODULE_ARCHITECTURE_AND_MANIFEST_RESULT_2026-07-03.md,OWNERFI_AI_FINANCIAL_MANAGEMENT_MODULE_ARCHITECTURE_AND_MANIFEST_RESULT_2026-07-03.md,implementation_manifest,sentinel_ai,superseded,held,needs_owner_mapping,5c180f8820c9b509b8c066fa37ce67546a10a19ffe7c4b75ef9df8aeb8d4322d
docs/OWNERFI_AI_FINANCIAL_MANAGEMENT_READ_ONLY_INVENTORY_2026-07-03.md,OWNERFI_AI_FINANCIAL_MANAGEMENT_READ_ONLY_INVENTORY_2026-07-03.md,implementation_manifest,sentinel_ai,superseded,internal,needs_owner_mapping,4f968dbd79e77f284ec3f647b833941137359f45119405bfd8a30c84ade745ae
docs/OWNERFI_INTERNAL_FINANCIAL_DOMAIN_AND_MOB_ALIGNMENT_DECISION_2026-07-03.md,OWNERFI_INTERNAL_FINANCIAL_DOMAIN_AND_MOB_ALIGNMENT_DECISION_2026-07-03.md,operating_model,MOB,superseded,public,needs_owner_mapping,865fb94fee480d79e7088b2f76387808cbaa7ed07cd16b72fe4815ff79e93a24
docs/OWNERFI_PILOT_API_SPEC.md,OWNERFI_PILOT_API_SPEC.md,policy,sentinel_os,active_supporting,internal,needs_owner_mapping,a2bc9bdf5a31adf91d02346832103bd32f8417a0c06bd031b0be0d51dca9c139
docs/OWNERFI_PILOT_API_SPEC.pdf,OWNERFI_PILOT_API_SPEC.pdf,policy,sentinel_os,active_supporting,internal,needs_owner_mapping,f635d9a883f5e3dbadda8013ba7d47d7229df1b9c90818a2147a19c3328cc23a
docs/OWNERFI_PROOF_HEALTH_NETWORK_VERIFICATION_PREP_2026-07-03.md,OWNERFI_PROOF_HEALTH_NETWORK_VERIFICATION_PREP_2026-07-03.md,operating_model,sentinel_ai,review_held,restricted,needs_owner_mapping,e0cb67669d483842d5618fab6ad67b370fe2d587b5c329f221fe6f7a88ec86f0
docs/OWNERFI_PROOF_HEALTH_RESTORED_RESULT_2026-07-03.md,OWNERFI_PROOF_HEALTH_RESTORED_RESULT_2026-07-03.md,evidence,sentinel_ai,active_supporting,protected,needs_owner_mapping,d9d170cefe75c9aa9bebee84fe3a302ec895ec31ac55bb0fc8b3e7a4e600ff44
docs/OWNERFI_PROOF_HEALTH_VERIFICATION_RESULT_2026-07-03.md,OWNERFI_PROOF_HEALTH_VERIFICATION_RESULT_2026-07-03.md,review_result,sentinel_ai,historical,held,needs_owner_mapping,a4e8efe503a309fae14a3ff7e73993c7483f08c7b4ec36e5c2a35c1210772ea7
docs/OWNERFI_TODD_PILOT_MESSAGE.md,OWNERFI_TODD_PILOT_MESSAGE.md,evidence,sentinel_os,archive_candidate,internal,needs_owner_mapping,c116190560e7c6b44899fd4cda7cd96c2575cb64a14b2ee6a7f204503d00d00c
docs/OWNERSHIP_HANDOUT.md,OWNERSHIP_HANDOUT.md,policy,sentinel_os,archive_candidate,protected,needs_owner_mapping,5aa20caa8eb7598eca862f9217f707b5f0b86e1294cc2681a449c80176dcf1a7
docs/OWNER_APPROVAL_RUNTIME_UPGRADE_INTRODUCTION_2026-07-06.md,OWNER_APPROVAL_RUNTIME_UPGRADE_INTRODUCTION_2026-07-06.md,policy,sentinel_ai,review_held,public,needs_owner_mapping,a81eb51b9692369909a0fa10d55bbaf3aeabfd4cf6af00e29bad176e5e0c40e5
docs/OWNER_DECISION_EXTERNAL_SHARE_REVENUE_APPROVAL_RESULT_2026-07-03.md,OWNER_DECISION_EXTERNAL_SHARE_REVENUE_APPROVAL_RESULT_2026-07-03.md,operating_model,sentinel_ai,active_supporting,public,needs_owner_mapping,66f7bbd862e9be0ada567988b304cc0dea7489fc7d9586cfce8145d0735ac32b
docs/OWNER_DECISION_EXTERNAL_SHARE_REVENUE_PACKET_2026-07-03.md,OWNER_DECISION_EXTERNAL_SHARE_REVENUE_PACKET_2026-07-03.md,decision_packet,sentinel_ai,active_supporting,public,needs_owner_mapping,4ea01487a5073ef2091a736b966152a32c5ae496023ec10f1db35aa4d7c327fd
docs/OWNER_REVIEW_RUNTIME_UPGRADE_PACKET_SINTENEX_RT_004_FOR_INTRODUCTION_2026-07-06.md,OWNER_REVIEW_RUNTIME_UPGRADE_PACKET_SINTENEX_RT_004_FOR_INTRODUCTION_2026-07-06.md,cadence,sentinel_ai,superseded,public,needs_owner_mapping,640887cd5b44009c75b64ef827b982f2e3a216376188bcd643d54879a45c38e4
docs/OWNER_RUNTIME_UPGRADE_SELECTION_RESULT_2026-07-06.md,OWNER_RUNTIME_UPGRADE_SELECTION_RESULT_2026-07-06.md,policy,sentinel_ai,review_held,public,needs_owner_mapping,bd97fa545e32e987771fbc1f351767bbeb0da78dc92eec79d27f0e3e04b40bd3
docs/OWNER_SELECTED_RUNTIME_UPGRADE_INTRODUCTION_CHANNEL_2026-07-06.md,OWNER_SELECTED_RUNTIME_UPGRADE_INTRODUCTION_CHANNEL_2026-07-06.md,policy,sentinel_ai,active_supporting,public,needs_owner_mapping,d356ed91ab1ab3e4dcc0bec9ff74001ee24c92c4fc98d08bc293644350f3f744
docs/PARTNER_PORTAL_REPOSITORY_DISCOVERY_AND_CONTROL_DIRECTION_2026-06-17.md,PARTNER_PORTAL_REPOSITORY_DISCOVERY_AND_CONTROL_DIRECTION_2026-06-17.md,blueprint,sentinel_ai,unresolved,restricted,needs_owner_mapping,e29196a37269d57fbbb6d7da231ffaf3b137465c3745344ac1d111995548747c
docs/PAYROLL_EXECUTION_EVIDENCE_PACKET_2026-05-05.md,PAYROLL_EXECUTION_EVIDENCE_PACKET_2026-05-05.md,operating_model,evidence_only,review_held,public,needs_owner_mapping,8f7088076c5d6ff00fb3cf6f6045d122f0e469def4dffdb358d7a969d0733b99
docs/PERSISTENCE_READINESS_MANIFEST_2026-07-05.md,PERSISTENCE_READINESS_MANIFEST_2026-07-05.md,operating_model,MOB,active_supporting,public,docs/NUNN_CORPORATION_MASTER_OPERATING_BINDER_2026-06-15.md,975be3f04e021a58f368cbbbdf78086ddedd05fb58bc747939c2fbce44e2a145
docs/PHASE1_APPROVAL_BOARD_2026-05-07.md,PHASE1_APPROVAL_BOARD_2026-05-07.md,approval_result,sentinel_ai,historical,protected,needs_owner_mapping,d450fa89ab33d891a5703e58dffd0810caa8d07bec79c8cd5ea3415f26a6e3d8
docs/PHASE1_APPROVAL_BOARD_2026-05-12.md,PHASE1_APPROVAL_BOARD_2026-05-12.md,operating_model,sentinel_ai,historical,protected,needs_owner_mapping,8e7839e5b7af40514393e355f0e1341574f73605e3ff0e944017d9fa96112f06
docs/PHASED_OPERATIONAL_LANE_AND_OWNER_DECISION_PLAN_2026-07-03.md,PHASED_OPERATIONAL_LANE_AND_OWNER_DECISION_PLAN_2026-07-03.md,evidence,sentinel_ai,superseded,restricted,docs/JULY_03_MASTER_OPERATING_BLUEPRINT_OVERLAY_2026-07-03.md,3c51d5e99dfe217ac8e3c93581ecb50e94a34c52e57aa887285318f76e82f4c6
docs/PHASE_1_FQDN_STABILITY_DIAGNOSTIC_RESULT_2026-07-03.md,PHASE_1_FQDN_STABILITY_DIAGNOSTIC_RESULT_2026-07-03.md,approval_result,sentinel_ai,active_supporting,internal,needs_owner_mapping,0fd8f7426eda234d46ee6d2ce89025a801329b3648cc5c41507b9d3c8b66d63c
docs/PLATFORM_CONTRACT_OWNERSHIP.md,PLATFORM_CONTRACT_OWNERSHIP.md,policy,sentinel_ai,active_supporting,restricted,needs_owner_mapping,345735fd3130064575d413fccf690de3732838c5abcb3fc2598ebf53e4465e84
docs/POSTGRESQL_MEMORY_LAYER_LIVE_VERIFICATION_RECONCILIATION_2026-06-12.md,POSTGRESQL_MEMORY_LAYER_LIVE_VERIFICATION_RECONCILIATION_2026-06-12.md,review_result,sentinel_ai,historical,restricted,needs_owner_mapping,f7cc3ae5b7f6fa14e2b7f329ebac89d24f53bb9a8964bf668d258823afca6d3b
docs/PR7_CI_ONLY_WORKFLOW_FIX_EXECUTION_RESULT_2026-06-19.md,PR7_CI_ONLY_WORKFLOW_FIX_EXECUTION_RESULT_2026-06-19.md,approval_result,sentinel_ai,review_held,restricted,needs_owner_mapping,9d7acd91dc71fc2ee149865241887af448e721240378c5b1c04efb4e5a19afcf
docs/PR7_CONNECTOR_MINOR_CHANGE_IMPLEMENTATION_REVIEW_RESULT_2026-06-20.md,PR7_CONNECTOR_MINOR_CHANGE_IMPLEMENTATION_REVIEW_RESULT_2026-06-20.md,review_result,sentinel_ai,review_held,restricted,needs_owner_mapping,e6333ee2e2b14316cca2ec9553c00fc3772e77fe6baead29659638645d7fd071
docs/PR7_CONNECTOR_MINOR_CHANGE_PATCH_SCOPE_APPROVAL_RESULT_2026-06-20.md,PR7_CONNECTOR_MINOR_CHANGE_PATCH_SCOPE_APPROVAL_RESULT_2026-06-20.md,policy,sentinel_ai,review_held,restricted,needs_owner_mapping,353ea28fc434eade82b7bce8918290a006cd234bd660f5b66c80357bf9d9d807
docs/PR7_GPT_ACTION_CONNECTOR_DIRECTION_APPROVAL_RESULT_2026-06-19.md,PR7_GPT_ACTION_CONNECTOR_DIRECTION_APPROVAL_RESULT_2026-06-19.md,policy,sentinel_ai,review_held,held,needs_owner_mapping,8dc4735c39d3bfbe62b95973e8a2487c2fbabec046b51475713f4f6eda6354de
docs/PR7_GPT_ACTION_CONNECTOR_MINOR_CHANGES_REVIEW_RESULT_2026-06-19.md,PR7_GPT_ACTION_CONNECTOR_MINOR_CHANGES_REVIEW_RESULT_2026-06-19.md,policy,sentinel_ai,review_held,restricted,needs_owner_mapping,17486c94ff1d001f9d1c3f59e157997541c490ce2a7d15c8c89e5d2c47ffc9e2
docs/PR7_GPT_ACTION_CONNECTOR_MINOR_CHANGE_IMPLEMENTATION_PACKET_2026-06-19.md,PR7_GPT_ACTION_CONNECTOR_MINOR_CHANGE_IMPLEMENTATION_PACKET_2026-06-19.md,policy,sentinel_ai,review_held,restricted,needs_owner_mapping,28bf5006c91c50b360cf5363fd48317f16eb1e04687c0a7e149a3f2048f95057
docs/PR7_GPT_ACTION_CONNECTOR_REVIEW_PROCESSING_RESULT_2026-06-19.md,PR7_GPT_ACTION_CONNECTOR_REVIEW_PROCESSING_RESULT_2026-06-19.md,policy,sentinel_ai,active_supporting,restricted,needs_owner_mapping,c786a296a52cca893f95616879f7daff328e2764bfb57552f29f11569aed6826
docs/PRODUCT.md,PRODUCT.md,policy,sentinel_ai,canonical_active,internal,needs_owner_mapping,742f370e0170325ef82a68eacfdda4db53dff8faef4d8572d2e46e6d4b5e7c8e
docs/PRODUCT_DEFINITION_RECONCILIATION_RESULT_2026-05-29.md,PRODUCT_DEFINITION_RECONCILIATION_RESULT_2026-05-29.md,review_result,sentinel_ai,historical,public,needs_owner_mapping,6ec370df58b5ca297194f22bd7639c3385c86e87a56ebd8c7a778b39338bb53c
docs/PROOF_CASE_GOVERNED_DEAL_EXECUTION_V2.md,PROOF_CASE_GOVERNED_DEAL_EXECUTION_V2.md,policy,sentinel_os,active_supporting,internal,needs_owner_mapping,a37608ebb989a3e05b94e3a24fded49638798e295ebe931ae47a69dafe1d5d7f
docs/PROOF_CASE_OWNERFI.md,PROOF_CASE_OWNERFI.md,policy,sentinel_ai,active_supporting,internal,needs_owner_mapping,723c3b433c50277e35b50bf52ae6f27b9e1672d7cbdae85bccd1d564dff8e1b5
docs/PROOF_CASE_PLAN.md,PROOF_CASE_PLAN.md,policy,sentinel_ai,archive_candidate,internal,needs_owner_mapping,cc55e64e886e7cc126322ac6d080520542f82aae51d2995e893b865cd6bb0239
docs/PROOF_CONTROL_PLANE_RELEASE_2026-05-07.md,PROOF_CONTROL_PLANE_RELEASE_2026-05-07.md,policy,sentinel_ai,active_supporting,protected,needs_owner_mapping,bfe11b2bc564555cc52518d8449884eddbc59d695a6fdb7138058b9acf04d319
docs/README.md,README.md,policy,sentinel_os,historical,protected,needs_owner_mapping,fdbb2b758323a3c739c43a4ceee6a2163d51c15a18202a5f09c13a39c9cf92ba
docs/READ_ONLY_CURRENT_SENTINEL_DEPLOYMENT_FOOTPRINT_DISCOVERY_RESULT_2026-06-13.md,READ_ONLY_CURRENT_SENTINEL_DEPLOYMENT_FOOTPRINT_DISCOVERY_RESULT_2026-06-13.md,template,sentinel_ai,active_supporting,public,needs_owner_mapping,cbf61139294302d937953a74f0b33505625364022eaaceff2d940219d001b9e3
docs/READ_ONLY_CURRENT_SENTINEL_DEPLOYMENT_FOOTPRINT_DISCOVERY_SCOPE_REVIEW_2026-06-13.md,READ_ONLY_CURRENT_SENTINEL_DEPLOYMENT_FOOTPRINT_DISCOVERY_SCOPE_REVIEW_2026-06-13.md,operating_model,sentinel_ai,unresolved,restricted,needs_owner_mapping,7f74b7ed6b1f7110977aa1663105d1190095d47dbf4485b46cc3842a01e29651
docs/READ_ONLY_LOG_ANALYTICS_VERIFICATION_AUTHORITY_ACCEPTANCE_2026-06-01.md,READ_ONLY_LOG_ANALYTICS_VERIFICATION_AUTHORITY_ACCEPTANCE_2026-06-01.md,implementation_manifest,sentinel_ai,active_supporting,restricted,needs_owner_mapping,1a6834ea4f8fec1d76e28ec4ce463a747fe435f11beef0067240ae7920ede32a
docs/READ_ONLY_LOG_ANALYTICS_VERIFICATION_AUTHORITY_REQUEST_2026-05-30.md,READ_ONLY_LOG_ANALYTICS_VERIFICATION_AUTHORITY_REQUEST_2026-05-30.md,approval_result,sentinel_ai,active_supporting,restricted,needs_owner_mapping,569e8e4a1a27edfd53d7b07733a91e2e0c64f156bfeb575a624a115b59150db8
docs/RECORD_CLASSIFICATION_DIRECTIVE_RECONCILIATION_2026-06-12.md,RECORD_CLASSIFICATION_DIRECTIVE_RECONCILIATION_2026-06-12.md,policy,evidence_only,active_supporting,internal,docs/RECORD_CLASSIFICATION_DIRECTIVE_RECONCILIATION_2026-06-12.md,5abbcd18b2456a175a693f236ee373e55fad371dcffe4276faa49d3dc6f0f674
docs/REFRESHED_CURRENT_CONTROL_PACKET_STAGING_MANIFEST_2026-06-01.md,REFRESHED_CURRENT_CONTROL_PACKET_STAGING_MANIFEST_2026-06-01.md,policy,sentinel_ai,active_supporting,internal,needs_owner_mapping,0595ca89c292ab41a365db52ff4dd9679808e86dade3be09c4ca2990d84785fd
docs/REFRESHED_EXACT_RELEASE_STAGING_MANIFEST_REVIEW_2026-06-18.md,REFRESHED_EXACT_RELEASE_STAGING_MANIFEST_REVIEW_2026-06-18.md,cadence,sentinel_ai,unresolved,internal,docs/SENTINEL_MANAGED_REPOSITORY_EVIDENCE_AND_CLASSIFICATION_2026-06-11.md,8fc63ca52469849b659725ce7e49483c2ef1c60313e02c42024c0ccebbabfa7c
docs/REFRESHED_EXACT_RELEASE_STAGING_MANIFEST_REVIEW_RESULT_2026-06-18.md,REFRESHED_EXACT_RELEASE_STAGING_MANIFEST_REVIEW_RESULT_2026-06-18.md,policy,sentinel_ai,active_supporting,restricted,needs_owner_mapping,8c76c92c4beefa198989b5a333b16e3dfdabf964581add942a79d01d09208648
docs/REFRESHED_EXACT_REVIEW_MANIFEST_2026-06-17.md,REFRESHED_EXACT_REVIEW_MANIFEST_2026-06-17.md,policy,sentinel_ai,review_held,held,docs/SENTINEL_MANAGED_REPOSITORY_EVIDENCE_AND_CLASSIFICATION_2026-06-11.md,f83f962d0375016b9ed2b848b67f31a5fdb90effe4cadd49ccb9fe2097859b7b
docs/REFRESHED_RELEASE_BLOCKER_SELECTION_RESULT_2026-06-18.md,REFRESHED_RELEASE_BLOCKER_SELECTION_RESULT_2026-06-18.md,implementation_manifest,sentinel_ai,historical,restricted,needs_owner_mapping,2d8f11b676d7d3052976c142c72a96216e9a6ce39f1d9d258301bf20d9ed6806
docs/RELEASE_BLOCKER_SELECTION_RESULT_2026-06-15.md,RELEASE_BLOCKER_SELECTION_RESULT_2026-06-15.md,implementation_manifest,sentinel_ai,unresolved,restricted,needs_owner_mapping,17d5df9149bc55c0e9a5940cd2a2b4f2a12cf7154ac0dd204ceaea0269b1e441
docs/RELEASE_v1.0.0.md,RELEASE_v1.0.0.md,approval_result,sentinel_ai,active_supporting,protected,needs_owner_mapping,cb29c262a8096b6f21c906fa45de1a27cddd7d4c4605328691fabf7f98198dfb
docs/RELEASE_v1.2.0.md,RELEASE_v1.2.0.md,policy,sentinel_os,active_supporting,internal,needs_owner_mapping,33e5048498123f78b0772818d89380beec29e784186f661f43a811a8887fe118
docs/RELEASE_v1.3.0.md,RELEASE_v1.3.0.md,policy,sentinel_os,archive_candidate,internal,needs_owner_mapping,c56328b255290ebd05be84fdd59e9d17b1c732391be3724b6f7d8c7557a812d5
docs/REPORTS_NEEDED_TODAY_READINESS_2026-05-29.md,REPORTS_NEEDED_TODAY_READINESS_2026-05-29.md,operating_model,sentinel_ai,review_held,public,needs_owner_mapping,132e39bb43a6ecec91d7e55a1d2589a11d272bd0f85298e61f0b42cb694e1fe0
docs/REPO_AUTHORITY_MAP_2026-05-08.md,REPO_AUTHORITY_MAP_2026-05-08.md,policy,sentinel_os,canonical_active,protected,docs/REPO_AUTHORITY_MAP_2026-05-08.md,9e71cb79f5b56f9b3bbeb2e22a34c33bc3567a4f232e71d1ea4d546f31721c77
docs/REPO_CONTROL_LAYER.md,REPO_CONTROL_LAYER.md,policy,sentinel_os,review_held,held,docs/REPO_CONTROL_LAYER.md,556b878d4bc4a27a15096e3caabe859205c0b121165f6bf230e650e14822a22b
docs/REVENUE_READY_HELD_IMPLEMENTATION_RESULT_2026-07-03.md,REVENUE_READY_HELD_IMPLEMENTATION_RESULT_2026-07-03.md,approval_result,sentinel_ai,review_held,public,needs_owner_mapping,bd9b6fac2f5407438a8f9f865cdc4a889d929aafc60e841371eec045607557a8
docs/RUNTIME_REGISTRY_CONTRACT_REPAIR_EXECUTION_RESULT_2026-06-01.md,RUNTIME_REGISTRY_CONTRACT_REPAIR_EXECUTION_RESULT_2026-06-01.md,policy,sentinel_ai,review_held,public,needs_owner_mapping,e4a5a68ee5c5e10835c19703284e231ea406ff5a368b45f639fb847cd025e6c5
docs/RUNTIME_UPGRADE_CANDIDATE_RELEASE_PACKET_WHITE_GLOVE_2026-07-06.md,RUNTIME_UPGRADE_CANDIDATE_RELEASE_PACKET_WHITE_GLOVE_2026-07-06.md,policy,sentinel_ai,active_supporting,public,needs_owner_mapping,45ee7ee05c2c7f5ffec4706bd53367c5fa8854aba27a1098444025c8aad8ff02
docs/RUNTIME_UPGRADE_CANDIDATE_SELECTION_REVIEW_RT_004_2026-07-06.md,RUNTIME_UPGRADE_CANDIDATE_SELECTION_REVIEW_RT_004_2026-07-06.md,cadence,sentinel_ai,review_held,public,needs_owner_mapping,362e77cc855d44f253e84b8069ec023b1e62b5c703473fa0e9ac64da969a91e4
docs/RUNTIME_UPGRADE_GPT_SUPPORT_CADENCE_RETURN_2026-07-06.md,RUNTIME_UPGRADE_GPT_SUPPORT_CADENCE_RETURN_2026-07-06.md,template,MOB,review_held,public,needs_owner_mapping,56a57992275616608f1c668d3efbf8bea614522d62638d7c44c9f12e8c21fa61
docs/RUNTIME_UPGRADE_INTRODUCTION_COPY_AND_CHANNEL_PACKET_2026-07-06.md,RUNTIME_UPGRADE_INTRODUCTION_COPY_AND_CHANNEL_PACKET_2026-07-06.md,policy,sentinel_ai,active_supporting,public,needs_owner_mapping,1562550ef123ebda5e314442126f444feb5bbaab4d7f6f4e8cac2253f12313ef
docs/RUNTIME_UPGRADE_PACKET_SINTENEX_RT_001_OWNERFI_ROUTE_HEALTH_2026-07-06.md,RUNTIME_UPGRADE_PACKET_SINTENEX_RT_001_OWNERFI_ROUTE_HEALTH_2026-07-06.md,policy,sentinel_ai,active_supporting,public,needs_owner_mapping,e750e0b73eaab1f5f1d1bef5f709f6817d82a4e17d66c33d5c704c7798ae0818
docs/RUNTIME_UPGRADE_PACKET_SINTENEX_RT_003_RECEIPT_AUDIT_DECISION_SURFACE_2026-07-06.md,RUNTIME_UPGRADE_PACKET_SINTENEX_RT_003_RECEIPT_AUDIT_DECISION_SURFACE_2026-07-06.md,approval_result,sentinel_ai,active_supporting,public,needs_owner_mapping,ffff7263b6b8da1e662a0f01d35766dc4b9349cc0f4d7f0eed593ed8f92a8062
docs/RUNTIME_UPGRADE_PACKET_SINTENEX_RT_004_MISSION_CONTROL_CONTROL_PLANE_2026-07-06.md,RUNTIME_UPGRADE_PACKET_SINTENEX_RT_004_MISSION_CONTROL_CONTROL_PLANE_2026-07-06.md,cadence,sentinel_ai,active_supporting,public,needs_owner_mapping,fd83a0e410a9dc3beeb13aa54f10c4697495e191131575deb079499c5cc48386
docs/RUNTIME_UPGRADE_PACKET_SINTENEX_RT_005_GOVERNANCE_PRIMITIVES_2026-07-06.md,RUNTIME_UPGRADE_PACKET_SINTENEX_RT_005_GOVERNANCE_PRIMITIVES_2026-07-06.md,policy,sentinel_ai,active_supporting,public,needs_owner_mapping,e4132ad6612ef226870e6d34fb5ca3786527c70bfaf7aee76da4694ba4511135
docs/SATURDAY_DAILY_EXECUTIVE_CADENCE_2026-06-13.md,SATURDAY_DAILY_EXECUTIVE_CADENCE_2026-06-13.md,policy,sentinel_ai,superseded,public,needs_owner_mapping,5da8ad6f242872bfffdc22576234f9f39420d9c40422892d9f3d14d9bcfa40af
docs/SATURDAY_DEMO_SCRIPT.md,SATURDAY_DEMO_SCRIPT.md,evidence,sentinel_os,archive_candidate,protected,needs_owner_mapping,7b844657107c63f9e3f4ba55e4ad692d4cfe8f1e97a72615000491af053aebec
docs/SECURITY_EVENT_TAXONOMY_RECONCILIATION_2026-05-30.md,SECURITY_EVENT_TAXONOMY_RECONCILIATION_2026-05-30.md,evidence,sentinel_ai,active_supporting,protected,needs_owner_mapping,22531bcef21a55ca0a7a3b1393a392898518730df5a7ee00bdf9837e7746e30e
docs/SECURITY_HARDENING_PASS_2026-05-11.md,SECURITY_HARDENING_PASS_2026-05-11.md,policy,sentinel_ai,active_supporting,restricted,needs_owner_mapping,92881684a391ecf1f1515de0a5bd674e65ad9f5cfde62f7269ffbe9d08349e15
docs/SENDCOMM_CONCEPT_CLASSIFICATION_AGAINST_SENTINELOS_BOUNDARIES_2026-07-06.md,SENDCOMM_CONCEPT_CLASSIFICATION_AGAINST_SENTINELOS_BOUNDARIES_2026-07-06.md,policy,sentinel_ai,historical,public,docs/REPO_CONTROL_LAYER.md,d6023e19f60982b4363c27b04cd9457f6ba4f091f89ec8e6fb54859c6b1745c2
docs/SENDCOMM_GITHUB_SOURCE_INVENTORY_2026-07-06.md,SENDCOMM_GITHUB_SOURCE_INVENTORY_2026-07-06.md,operating_model,sentinel_ai,review_held,public,needs_owner_mapping,cb614268783ccf89845003bd9ee85529f6e7b8f8df12be9dbcb421045636470d
docs/SENDCOMM_LINEAGE_PRESERVATION_PACKET_NO_FILE_MOVEMENT_2026-07-06.md,SENDCOMM_LINEAGE_PRESERVATION_PACKET_NO_FILE_MOVEMENT_2026-07-06.md,policy,sentinel_ai,historical,public,needs_owner_mapping,d36b194665327f2fffd8586d84fc0fbadd86ceefa36118139d9dff92c4b1877f
docs/SENDCOMM_SENTINELOS_MIGRATION_REVIEW_RESULT_2026-07-03.md,SENDCOMM_SENTINELOS_MIGRATION_REVIEW_RESULT_2026-07-03.md,decision_packet,sentinel_ai,historical,public,needs_owner_mapping,0f62126b9d961f75946cf8f9681ee8d1de916d028b750ce7628605269fffa31c
docs/SENTINELOS_DEMO_PACKAGE_APPROVAL_NOTICE_2026-05-06.md,SENTINELOS_DEMO_PACKAGE_APPROVAL_NOTICE_2026-05-06.md,doctrine,sentinel_ai,active_supporting,public,needs_owner_mapping,3e99152faa10f00827c9dacc03889903b1c3eaaa226955424775ee0b329826fd
docs/SENTINELOS_DEMO_PACKAGE_V2.md,SENTINELOS_DEMO_PACKAGE_V2.md,policy,sentinel_os,archive_candidate,public,needs_owner_mapping,a4268395395c5466dee67e6f30b8cff42094bc8f0c92636d590361d43c7d3449
docs/SENTINELOS_ENTITY_INQUIRY_PORTAL_RECONCILIATION_2026-06-12.md,SENTINELOS_ENTITY_INQUIRY_PORTAL_RECONCILIATION_2026-06-12.md,policy,sentinel_os,superseded,public,needs_owner_mapping,8b979d90f0b58f8872f6fef1144e5814737f79abbc26ed6c7b89226576785de4
docs/SENTINELOS_LIVE_DEMO_SCRIPT_V2.md,SENTINELOS_LIVE_DEMO_SCRIPT_V2.md,policy,sentinel_os,archive_candidate,internal,needs_owner_mapping,ceba158b0437bfdfecd2834cf8a92b1c0673852065b4354bd31bdfabdbd482c4
docs/SENTINELOS_OLDER_REPO_AZURE_CLI_QUARANTINE_REVIEW_2026-06-01.md,SENTINELOS_OLDER_REPO_AZURE_CLI_QUARANTINE_REVIEW_2026-06-01.md,approval_result,sentinel_ai,review_held,held,needs_owner_mapping,9957fcdd839c5709641b69e1549bdfced16b80257f4e89c7fbcb5e188720db06
docs/SENTINELOS_OPERATIONAL_GOVERNANCE_WORKFLOW_AND_VR_DEPARTMENT_ESTABLISHMENT_2026-07-06.md,SENTINELOS_OPERATIONAL_GOVERNANCE_WORKFLOW_AND_VR_DEPARTMENT_ESTABLISHMENT_2026-07-06.md,policy,sentinel_ai,review_held,restricted,needs_owner_mapping,30b42d9d213c1cedbfa42658ede99827bb06f88927de1e117bbf94236fa46709
docs/SENTINELOS_PROJECT_SITUATION_AND_PUBLICATION_CONTROL_INDEX_2026-05-30.md,SENTINELOS_PROJECT_SITUATION_AND_PUBLICATION_CONTROL_INDEX_2026-05-30.md,operating_model,sentinel_ai,review_held,public,needs_owner_mapping,d2356dd24a953d49e729d80f00d288201ff0aad5464b2c1b921af98570bc0294
docs/SENTINELOS_PROOF_SHEET_V2.md,SENTINELOS_PROOF_SHEET_V2.md,policy,sentinel_os,active_supporting,internal,needs_owner_mapping,1e290024a8a219233abdbbe68621c8d0eb2ee4f5633fd88a8cb1494fb0ec8947
docs/SENTINELOS_SECURITY_EVENT_TAXONOMY_2026-05-29.md,SENTINELOS_SECURITY_EVENT_TAXONOMY_2026-05-29.md,evidence,sentinel_ai,active_supporting,restricted,needs_owner_mapping,7d212058ec659d56fa3272984d04b400257c385539c27c21da00d750b5244924
docs/SENTINELOS_SOURCE_DOCUMENT_ALIGNMENT_2026-05-06.md,SENTINELOS_SOURCE_DOCUMENT_ALIGNMENT_2026-05-06.md,doctrine,sentinel_ai,canonical_active,public,needs_owner_mapping,c84434733e687b294bbd665c95afdb5c007612e91cf12ac12393b4fc48f52108
docs/SENTINELOS_STATE_STEWARDSHIP_MODEL_2026-06-20.md,SENTINELOS_STATE_STEWARDSHIP_MODEL_2026-06-20.md,operating_model,sentinel_ai,historical,internal,needs_owner_mapping,1c5f7dae6b5d0a0f1d9d0cdf3cfde3348143b122c721b69bdcbf3e2e528c197f
docs/SENTINELOS_VIRTUAL_REVIEW_DEPARTMENT_CHARTER_2026-07-06.md,SENTINELOS_VIRTUAL_REVIEW_DEPARTMENT_CHARTER_2026-07-06.md,policy,sentinel_ai,active_supporting,restricted,needs_owner_mapping,f9e6bf6e2451df5f456b108591de102b7275d925995f69f92cd37b9213f7c6e2
docs/SENTINEL_AI_CHANGE_HOLD_DECLARATION_2026-06-11.md,SENTINEL_AI_CHANGE_HOLD_DECLARATION_2026-06-11.md,operating_model,sentinel_ai,review_held,held,needs_owner_mapping,a6145e0655fbff289a929b2503bc471767984482df46e7a52e40ca7ca29dcf6d
docs/SENTINEL_AI_COMMAND_ACCESS_NAMING_AND_VERBIAGE_SCAN_2026-06-17.md,SENTINEL_AI_COMMAND_ACCESS_NAMING_AND_VERBIAGE_SCAN_2026-06-17.md,policy,sentinel_ai,active_supporting,internal,needs_owner_mapping,a25a73a8909cd221586246c8c4fee25bc86941e447e577bb6de3de605528570a
docs/SENTINEL_AI_JUNE_CLOSEOUT_READY_ON_HOLD_WORKFLOW_2026-06-30.md,SENTINEL_AI_JUNE_CLOSEOUT_READY_ON_HOLD_WORKFLOW_2026-06-30.md,operating_model,MOB,historical,held,docs/NUNN_CORPORATION_MASTER_OPERATING_BINDER_2026-06-15.md,d812e6375524b68dd828fe1bed343faa0abc256fe4c973cd203a59021f42cd23
docs/SENTINEL_AI_RECORD_CLASSIFICATION_AND_ACCESS_SEGREGATION_POLICY_2026-06-12.md,SENTINEL_AI_RECORD_CLASSIFICATION_AND_ACCESS_SEGREGATION_POLICY_2026-06-12.md,policy,sentinel_ai,historical,held,docs/SENTINEL_AI_RECORD_CLASSIFICATION_AND_ACCESS_SEGREGATION_POLICY_2026-06-12.md,dc433a77b6151358496d1147e2f23f7b6b589bf0165480c63fa5d15888dca58f
docs/SENTINEL_AI_TELEMETRY_SCAN_MODEL_2026-05-30.md,SENTINEL_AI_TELEMETRY_SCAN_MODEL_2026-05-30.md,template,sentinel_ai,review_held,restricted,needs_owner_mapping,644956cd0314dc7c760c24e629188bf163a6f39f42f8ed5137744d40e780befd
docs/SENTINEL_APPROVAL_NOTICE_2026-05-04.md,SENTINEL_APPROVAL_NOTICE_2026-05-04.md,doctrine,runtime,canonical_active,public,needs_owner_mapping,13d6772a373dce79087ad878f020db441443077e970d44818df2d56de9283753
docs/SENTINEL_APPROVAL_RESUMPTION_2026-05-06.md,SENTINEL_APPROVAL_RESUMPTION_2026-05-06.md,operating_model,sentinel_ai,review_held,public,needs_owner_mapping,d4197a76577eb334ec2ee53fe193cf1275e34c68e832dd5bea67a3de39db3b51
docs/SENTINEL_APPROVAL_RISK_ANALYSIS_2026-05-04.md,SENTINEL_APPROVAL_RISK_ANALYSIS_2026-05-04.md,doctrine,runtime,historical,public,needs_owner_mapping,254207f665c2ce4878c6c59f29cb980e352ca53f4db882c280c4ca729bb846d0
docs/SENTINEL_ARTIFACT_DECISION_REGISTER_2026-05-13.md,SENTINEL_ARTIFACT_DECISION_REGISTER_2026-05-13.md,operating_model,sentinel_ai,historical,public,needs_owner_mapping,0518dfd800d8ba47c087a1682375c1f879583c3ceb1e4659e638cdbe9737ac0f
docs/SENTINEL_AUTHORITY_RECEIPT_PROOF_PACKET_2026-06-19.md,SENTINEL_AUTHORITY_RECEIPT_PROOF_PACKET_2026-06-19.md,policy,sentinel_ai,superseded,held,docs/SENTINEL_STEERING_DOCUMENT_CANCELLATION_AND_AUTHORITY_LAYER_DIRECTION_2026-06-18.md,60d13af3d79234fe3e72f0f90763efe71b89766b24dcaa4dbd5fc02b66ff8cae
docs/SENTINEL_AUTHORITY_RECEIPT_PROOF_PACKET_APPROVAL_RESULT_2026-06-19.md,SENTINEL_AUTHORITY_RECEIPT_PROOF_PACKET_APPROVAL_RESULT_2026-06-19.md,policy,sentinel_ai,superseded,held,docs/SENTINEL_STEERING_DOCUMENT_CANCELLATION_AND_AUTHORITY_LAYER_DIRECTION_2026-06-18.md,f8a77152c90d83900b6df5109c3fd44d9165672d57331feb71d86b23167e937c
docs/SENTINEL_CATEGORY_APPROVAL_NOTICE_2026-05-04.md,SENTINEL_CATEGORY_APPROVAL_NOTICE_2026-05-04.md,doctrine,runtime,review_held,protected,needs_owner_mapping,38e0374a1166297143d0d8a5a8f99906459bfeace03c4451805295fd3f94b3a3
docs/SENTINEL_CATEGORY_COMPLETION_NOTICE_2026-05-04.md,SENTINEL_CATEGORY_COMPLETION_NOTICE_2026-05-04.md,doctrine,runtime,historical,protected,needs_owner_mapping,801ccdff6abe33abcea1277ef57cbb2223cd638ccc2732f6378faa0ba9620b8e
docs/SENTINEL_CRAFTSMANSHIP_PASS_2026-05-13.md,SENTINEL_CRAFTSMANSHIP_PASS_2026-05-13.md,policy,sentinel_ai,historical,protected,needs_owner_mapping,c8b17b44ca7876932fb19828cad78e67ccb9149ca4297de949d78ccff3dd3c1c
docs/SENTINEL_DECISION_PATTERN_APPROVAL_NOTICE_2026-05-06.md,SENTINEL_DECISION_PATTERN_APPROVAL_NOTICE_2026-05-06.md,doctrine,sentinel_ai,active_supporting,public,needs_owner_mapping,a1dbcfe5c9fb7cde15dfabbc6b78db6ba244e16df9b08828777997464ac844ae
docs/SENTINEL_DOCKING_PROTOCOL.md,SENTINEL_DOCKING_PROTOCOL.md,policy,sentinel_os,archive_candidate,restricted,needs_owner_mapping,0b292ac193682e2ab4bd36a169f23773b9d47d6d770b5dcfd8da97393537c4e6
docs/SENTINEL_EXECUTIVE_OPERATING_TEMPLATE_2026-06-01.md,SENTINEL_EXECUTIVE_OPERATING_TEMPLATE_2026-06-01.md,operating_model,sentinel_ai,active_supporting,public,docs/SENTINEL_MANAGED_REPOSITORY_ORGANIZATION_CONTROL_PACKET_2026-06-01.md,3a7f085530e46111b20212d4e816781ab17a65e4fedacfa310acf7dcc356c97b
docs/SENTINEL_EXECUTIVE_OPERATING_TEMPLATE_2026-06-11.md,SENTINEL_EXECUTIVE_OPERATING_TEMPLATE_2026-06-11.md,operating_model,sentinel_ai,active_supporting,restricted,docs/SENTINEL_STEERING_DOCUMENT_CANCELLATION_AND_AUTHORITY_LAYER_DIRECTION_2026-06-18.md,b98fa3b3c30833e48978f32d06e609c3e60e523581a35a9b957391716ccaecb4
docs/SENTINEL_EXECUTIVE_OPERATING_TEMPLATE_2026-06-19.md,SENTINEL_EXECUTIVE_OPERATING_TEMPLATE_2026-06-19.md,operating_model,sentinel_ai,review_held,restricted,needs_owner_mapping,64ba20fe41ab2e909177b5d11f8ff24461a02e7db39798397128de24b740a7c6
docs/SENTINEL_EXECUTIVE_OPERATING_TEMPLATE_2026-07-01.md,SENTINEL_EXECUTIVE_OPERATING_TEMPLATE_2026-07-01.md,operating_model,MOB,active_supporting,public,docs/NUNN_CORPORATION_MASTER_OPERATING_BINDER_2026-06-15.md,a0b37d0c3711b834c9fceb33dab35d8f2e145bfd46529069b840b38418b6d09f
docs/SENTINEL_EXECUTIVE_OPERATING_TEMPLATE_2026-07-03.md,SENTINEL_EXECUTIVE_OPERATING_TEMPLATE_2026-07-03.md,operating_model,sentinel_ai,review_held,restricted,needs_owner_mapping,dc58bfeadfe3e318c837bd92feaa0496b0fb1c2d33a79c8dd9d6eaa91b2d550a
docs/SENTINEL_EXECUTIVE_OPERATING_TEMPLATE_CURRENT_2026-05-31.md,SENTINEL_EXECUTIVE_OPERATING_TEMPLATE_CURRENT_2026-05-31.md,operating_model,sentinel_ai,review_held,public,needs_owner_mapping,3956b389a1ec926449f490fab60ca6bba8b5dcf90094d837a7ec0dce831557ad
docs/SENTINEL_EXECUTIVE_OPERATING_TEMPLATE_JULY_05_ADDENDUM_2026-07-05.md,SENTINEL_EXECUTIVE_OPERATING_TEMPLATE_JULY_05_ADDENDUM_2026-07-05.md,operating_model,MOB,review_held,public,docs/NUNN_CORPORATION_MASTER_OPERATING_BINDER_2026-06-15.md,c5880a118c1c9537f6aecc4693488f088c35c56b3ab9aa7e2db3d33fe7199fdb
docs/SENTINEL_EXECUTIVE_OPERATING_TEMPLATE_JULY_STARTING_POINT_2026-06-30.md,SENTINEL_EXECUTIVE_OPERATING_TEMPLATE_JULY_STARTING_POINT_2026-06-30.md,operating_model,MOB,review_held,restricted,docs/NUNN_CORPORATION_MASTER_OPERATING_BINDER_2026-06-15.md,3cfa06a4402408cf527c21cfde932261e205d09e95521b92cb8a8d72d2d6af7a
docs/SENTINEL_EXECUTIVE_OPERATING_TEMPLATE_MICROSOFT_SENTINEL_2026-05-29.md,SENTINEL_EXECUTIVE_OPERATING_TEMPLATE_MICROSOFT_SENTINEL_2026-05-29.md,operating_model,sentinel_ai,review_held,public,needs_owner_mapping,a94a5d38045d86c682804280b457a7ae9c583596e37ec5b2ccc2a88a1fb0928b
docs/SENTINEL_EXECUTIVE_OPERATING_TEMPLATE_MOB_REFRESHED_2026-06-15.md,SENTINEL_EXECUTIVE_OPERATING_TEMPLATE_MOB_REFRESHED_2026-06-15.md,operating_model,MOB,review_held,restricted,docs/NUNN_CORPORATION_MASTER_OPERATING_BINDER_2026-06-15.md,4a4f3cb58c00bf851c6a960254a8c7892ba2ec27c19a08d58043b9b1b300ed85
docs/SENTINEL_EXECUTIVE_OPERATING_TEMPLATE_REFRESHED_2026-06-12.md,SENTINEL_EXECUTIVE_OPERATING_TEMPLATE_REFRESHED_2026-06-12.md,policy,sentinel_ai,unresolved,restricted,needs_owner_mapping,757f9b6e911ad5685bb82861e4389c25feef53f782de77fed7513b67708013c5
docs/SENTINEL_EXECUTIVE_OPERATING_TEMPLATE_REFRESHED_2026-06-15.md,SENTINEL_EXECUTIVE_OPERATING_TEMPLATE_REFRESHED_2026-06-15.md,operating_model,sentinel_ai,review_held,restricted,needs_owner_mapping,e822bed330309fe521f101de9cbcf643836adce2635c7244b1eb68e6e3f274bf
docs/SENTINEL_EXECUTIVE_OPERATING_TEMPLATE_REFRESHED_FOR_PROCESSING_2026-06-13.md,SENTINEL_EXECUTIVE_OPERATING_TEMPLATE_REFRESHED_FOR_PROCESSING_2026-06-13.md,operating_model,sentinel_ai,historical,restricted,needs_owner_mapping,6b3d26138320c62b6cd34586cbb6336cc8dd1657915c3ae86dce911a347e2a33
docs/SENTINEL_EXECUTIVE_TEMPLATE_ISSUE_ACTION_PROCESSING_2026-05-30.md,SENTINEL_EXECUTIVE_TEMPLATE_ISSUE_ACTION_PROCESSING_2026-05-30.md,operating_model,sentinel_ai,review_held,held,needs_owner_mapping,ff6d0dc7ddb83131eba6896a81467d89fc5665f953941bcaffd760745b888678
docs/SENTINEL_EXECUTIVE_TEMPLATE_PROCESSING_2026-06-01.md,SENTINEL_EXECUTIVE_TEMPLATE_PROCESSING_2026-06-01.md,operating_model,sentinel_ai,review_held,held,needs_owner_mapping,9b6e2aa55b4f7f8373184db11a63abee612ac2b8e23e7ea7b781f6a16369d1bf
docs/SENTINEL_EXECUTIVE_TEMPLATE_RECOMMENDATIONS_APPROVAL_2026-06-01.md,SENTINEL_EXECUTIVE_TEMPLATE_RECOMMENDATIONS_APPROVAL_2026-06-01.md,operating_model,sentinel_ai,review_held,restricted,needs_owner_mapping,ca83599df1166d2940aaa94db46e4b1da9a8bbf6a959d3b735a0325d31f056a0
docs/SENTINEL_GOVERNANCE_COMPLIANCE_APPROVAL_REPORT_2026-05-04.md,SENTINEL_GOVERNANCE_COMPLIANCE_APPROVAL_REPORT_2026-05-04.md,doctrine,runtime,review_held,protected,needs_owner_mapping,fcd974cbf14cf5740fb1f16f9d2deb14e8afd7f7e5a1a0925f114d02f2d6e884
docs/SENTINEL_MANAGED_REPOSITORY_APPROVAL_EXECUTION_RESULT_2026-06-01.md,SENTINEL_MANAGED_REPOSITORY_APPROVAL_EXECUTION_RESULT_2026-06-01.md,decision_packet,sentinel_ai,review_held,public,needs_owner_mapping,a169d0627bd3d4c375778550a5680b71f100780cb76859181a7ba1d3941dd346
docs/SENTINEL_MANAGED_REPOSITORY_EVIDENCE_AND_CLASSIFICATION_2026-06-11.md,SENTINEL_MANAGED_REPOSITORY_EVIDENCE_AND_CLASSIFICATION_2026-06-11.md,evidence,sentinel_ai,historical,public,docs/SENTINEL_MANAGED_REPOSITORY_ORGANIZATION_CONTROL_PACKET_2026-06-01.md,f00effa76ddb8ff5aacdee786cbfd504b794adf1bf2e1c3390c7e3484596567b
docs/SENTINEL_MANAGED_REPOSITORY_EVIDENCE_AND_CLASSIFICATION_REVIEW_RESULT_2026-06-11.md,SENTINEL_MANAGED_REPOSITORY_EVIDENCE_AND_CLASSIFICATION_REVIEW_RESULT_2026-06-11.md,review_result,sentinel_ai,review_held,restricted,docs/SENTINEL_MANAGED_REPOSITORY_EVIDENCE_AND_CLASSIFICATION_2026-06-11.md,c5ce810ba428c5d3054f6c9fc288678cbec88d11e9d5ccc04024dda8334f29b4
docs/SENTINEL_MANAGED_REPOSITORY_ORGANIZATION_CONTROL_PACKET_2026-06-01.md,SENTINEL_MANAGED_REPOSITORY_ORGANIZATION_CONTROL_PACKET_2026-06-01.md,policy,sentinel_ai,historical,public,docs/SENTINEL_MANAGED_REPOSITORY_ORGANIZATION_CONTROL_PACKET_2026-06-01.md,3304ab8fc31e179f5610ff5c29dfea996279ef08f96c8da0cb68c776e2991554
docs/SENTINEL_NEXUS_BHINDI_VAULT_READ_ONLY_POC_TEST_PLAN_2026-06-17.md,SENTINEL_NEXUS_BHINDI_VAULT_READ_ONLY_POC_TEST_PLAN_2026-06-17.md,decision_packet,sentinel_ai,canonical_active,internal,needs_owner_mapping,6f0d3d470e19dc239ace3686449a98910503f4c72d4adb2ffa8ca0f796130159
docs/SENTINEL_RECOMMENDATIONS_GOVERNANCE_PASS_AND_EXECUTION_MAP_2026-07-03.md,SENTINEL_RECOMMENDATIONS_GOVERNANCE_PASS_AND_EXECUTION_MAP_2026-07-03.md,policy,sentinel_ai,canonical_active,restricted,needs_owner_mapping,368bd18fd74da8310eba06add0e055f90450afe9e71b89d263e47b4cb116e145
docs/SENTINEL_RELEASE_V1_GOVERNANCE_PACKET_REVIEW_RESULT_2026-06-15.md,SENTINEL_RELEASE_V1_GOVERNANCE_PACKET_REVIEW_RESULT_2026-06-15.md,review_result,sentinel_ai,unresolved,restricted,needs_owner_mapping,abbb0570deecd8a326e2e96130313b76518e83ae124cd939f48cc905a38ef8f9
docs/SENTINEL_REPO_ORGANIZATION_REPORT_2026-05-04.md,SENTINEL_REPO_ORGANIZATION_REPORT_2026-05-04.md,doctrine,runtime,historical,public,needs_owner_mapping,6b218a779888163e3b4e0484d7f3d041fa90b837b0c60de09ae39a9cd12283e8
docs/SENTINEL_REPO_ORGANIZATION_REPORT_2026-05-07.md,SENTINEL_REPO_ORGANIZATION_REPORT_2026-05-07.md,doctrine,runtime,historical,public,needs_owner_mapping,8d1fec1ada33f8bf3de2396b11a10ff723c3d43134af0baeaa1b4f0bba1efaf3
docs/SENTINEL_REPO_ORGANIZATION_REPORT_2026-05-11.md,SENTINEL_REPO_ORGANIZATION_REPORT_2026-05-11.md,doctrine,runtime,historical,public,docs/CANONICAL_DOCUMENTS_INDEX_2026-05-11.md,8d3e6a2b71ee27d6ca7faaa3db76cce1ecafe7710b059aa954dcb0027aa7d7cf
docs/SENTINEL_REPO_ORGANIZATION_REPORT_2026-05-13.md,SENTINEL_REPO_ORGANIZATION_REPORT_2026-05-13.md,doctrine,runtime,canonical_active,public,docs/CANONICAL_DOCUMENTS_INDEX_2026-05-11.md,5652b4188967aa1ee88b3f217b5768efa8e11aecce5a330395c0f55085e1b34f
docs/SENTINEL_REPO_ORGANIZATION_REPORT_2026-06-01.md,SENTINEL_REPO_ORGANIZATION_REPORT_2026-06-01.md,doctrine,runtime,review_held,public,docs/CANONICAL_DOCUMENTS_INDEX_2026-05-11.md,5664ccf829a286a8b10628a5b12f1da9f0d5f7942f55def3ed6b0b815822151c
docs/SENTINEL_STEERING_DOCUMENT_CANCELLATION_AND_AUTHORITY_LAYER_DIRECTION_2026-06-18.md,SENTINEL_STEERING_DOCUMENT_CANCELLATION_AND_AUTHORITY_LAYER_DIRECTION_2026-06-18.md,operating_model,sentinel_ai,superseded,public,docs/NUNN_CORPORATION_MASTER_OPERATING_BINDER_2026-06-15.md,49397f39bb877b20c79c1ccf03f5daaa28365fe9f21a16a979b16eb8f219671e
docs/SENTINEL_TARGETED_STREAMLINING_APPROVAL_PLAN_2026-05-04.md,SENTINEL_TARGETED_STREAMLINING_APPROVAL_PLAN_2026-05-04.md,approval_result,runtime,review_held,held,needs_owner_mapping,31128f734d27e8afed8540a35d5cc6a80a9603deaa93bf0043e5a5adc78f8b80
docs/SINTENEX_RUNTIME_ELIGIBILITY_ALERT_QUEUE_2026-07-06.md,SINTENEX_RUNTIME_ELIGIBILITY_ALERT_QUEUE_2026-07-06.md,policy,sentinel_ai,active_supporting,public,needs_owner_mapping,675f766cedd6bc98837fd01ec038fc53c8f3e6554eb4b0be727b3c0966e2c760
docs/SINTENEX_RUNTIME_UPGRADE_READINESS_CONTROL_RESULT_2026-07-06.md,SINTENEX_RUNTIME_UPGRADE_READINESS_CONTROL_RESULT_2026-07-06.md,policy,sentinel_ai,historical,public,needs_owner_mapping,739704fd761b6907bec9e99216379a4e9b458bd8dd43a8c4c4b155b10e29d283
docs/SINTENEX_TIMED_EVENT_AND_COMMERCIAL_ROUTING_BOUNDARY_2026-07-03.md,SINTENEX_TIMED_EVENT_AND_COMMERCIAL_ROUTING_BOUNDARY_2026-07-03.md,operating_model,sentinel_ai,review_held,public,needs_owner_mapping,b419c3dbd8bd5f7b6e3b6e67df6f76a2b0ae08c5ea2bac8a5f6ed8b24042f7f8
docs/SINTENEX_TIMED_EVENT_AND_COMMERCIAL_ROUTING_BOUNDARY_REVIEW_RESULT_2026-07-03.md,SINTENEX_TIMED_EVENT_AND_COMMERCIAL_ROUTING_BOUNDARY_REVIEW_RESULT_2026-07-03.md,template,sentinel_ai,review_held,protected,needs_owner_mapping,009fda37875eaa0abf0e1cd092df2bbb93696ffd8aa6d76ca7fd8dafe536aa9e
docs/SOVEREIGN_BUYER_PACKAGE_INTAKE_RECONCILIATION_2026-06-11.md,SOVEREIGN_BUYER_PACKAGE_INTAKE_RECONCILIATION_2026-06-11.md,policy,sentinel_ai,review_held,held,needs_owner_mapping,af6f92e15c1520ffd9322439923557c934bedfff6679de322168168b061490a0
docs/SOVEREIGN_KEY_MANAGEMENT_AND_LICENSE_LIFECYCLE_CONTROL_PLAN_2026-06-17.md,SOVEREIGN_KEY_MANAGEMENT_AND_LICENSE_LIFECYCLE_CONTROL_PLAN_2026-06-17.md,policy,sentinel_ai,canonical_active,public,needs_owner_mapping,5ae3269f76d360317986ad67cd529fd3f5d97b3efa44ef7450d69b93738390e5
docs/SOVEREIGN_KEY_MANAGEMENT_AND_LICENSE_LIFECYCLE_CONTROL_PLAN_APPROVAL_RESULT_2026-06-17.md,SOVEREIGN_KEY_MANAGEMENT_AND_LICENSE_LIFECYCLE_CONTROL_PLAN_APPROVAL_RESULT_2026-06-17.md,approval_result,sentinel_ai,unresolved,internal,needs_owner_mapping,a1c55f14ccc785eedcead3331ecb8c76ac9fab93709e0e486088893c152e2458
docs/SOVEREIGN_KEY_MANAGEMENT_AND_LICENSE_LIFECYCLE_CONTROL_PLAN_REVIEW_RESULT_2026-06-17.md,SOVEREIGN_KEY_MANAGEMENT_AND_LICENSE_LIFECYCLE_CONTROL_PLAN_REVIEW_RESULT_2026-06-17.md,approval_result,sentinel_ai,unresolved,internal,needs_owner_mapping,a37e15d5c59b07fdfbe80cd5d76ce9ec0e877c7f7b706fc64b6cfa85b637241b
docs/SOVEREIGN_KEY_MANAGEMENT_IMPLEMENTATION_MANIFEST_2026-06-17.md,SOVEREIGN_KEY_MANAGEMENT_IMPLEMENTATION_MANIFEST_2026-06-17.md,policy,sentinel_ai,superseded,public,needs_owner_mapping,7c3851ff75dc44e7cb37d6909344bd17e79372b2e876b9b00f766fef4fa6bb67
docs/SOVEREIGN_LIGHT_MODE_APPROVAL_PACKET_2026-06-11.md,SOVEREIGN_LIGHT_MODE_APPROVAL_PACKET_2026-06-11.md,approval_result,sentinel_ai,review_held,public,needs_owner_mapping,ea1ec6bdace4ce51560f200c01f4d47288b63a18d2efa819039803839e3a77ec
docs/SOVEREIGN_LIGHT_MODE_APPROVAL_PROCESSING_RESULT_2026-06-16.md,SOVEREIGN_LIGHT_MODE_APPROVAL_PROCESSING_RESULT_2026-06-16.md,policy,sentinel_ai,active_supporting,internal,needs_owner_mapping,fc9cc682aa53f5b5a05c425ab79a4426c88b4d6bca9b9a8f6b56bbec36f88da8
docs/SOVEREIGN_READINESS_SCORECARD_2026-06-11.md,SOVEREIGN_READINESS_SCORECARD_2026-06-11.md,policy,sentinel_ai,active_supporting,internal,needs_owner_mapping,a4e25d0a39a06c3f68e6915527c59476180c88df5f8d4944f28aa0368caa2a6b
docs/SOVEREIGN_SECURITY_AND_GOVERNANCE_OVERVIEW_DRAFT_2026-06-11.md,SOVEREIGN_SECURITY_AND_GOVERNANCE_OVERVIEW_DRAFT_2026-06-11.md,policy,sentinel_ai,active_supporting,internal,needs_owner_mapping,0276362465678ac8b943ed05e5b5ee45cc65ebcfaa0cad25be4fc0f1d645f777
docs/SP1_LOW_LATENCY_PROOF_PIPELINE_MOCK_OPTIMIZATION_PACKET_2026-06-30.md,SP1_LOW_LATENCY_PROOF_PIPELINE_MOCK_OPTIMIZATION_PACKET_2026-06-30.md,policy,MOB,review_held,public,docs/NUNN_CORPORATION_MASTER_OPERATING_BINDER_2026-06-15.md,47bdbd915b2115c976346fd0a8cd4216097884a3221123da8b72889e1d3e9477
docs/STATE_ANCHORING_RUNBOOK.md,STATE_ANCHORING_RUNBOOK.md,approval_result,customer_experience,active_supporting,internal,needs_owner_mapping,f7a8f2ed50966ba3ed1c6ad290f53b8f5b5b8f6b887c2f1e3debc7da9e34292a
docs/STRIPE_CHECKOUT_CONFIGURATION_APPROVAL_PACKET_2026-07-03.md,STRIPE_CHECKOUT_CONFIGURATION_APPROVAL_PACKET_2026-07-03.md,approval_result,sentinel_ai,review_held,restricted,needs_owner_mapping,31d3bea22f9530e661e7f58962d95beee50bb48a58e3b1bd478d545e735edd09
docs/STRIPE_CHECKOUT_INGESTION_REPORT.md,STRIPE_CHECKOUT_INGESTION_REPORT.md,approval_result,sentinel_os,archive_candidate,restricted,needs_owner_mapping,08eb74db9e9e9e65ade551ee5eed62cdf4de62454599eec2fb148ee4b99831b5
docs/STRIPE_NON_PRODUCTION_CONFIGURATION_EVIDENCE_PLAN_2026-07-03.md,STRIPE_NON_PRODUCTION_CONFIGURATION_EVIDENCE_PLAN_2026-07-03.md,approval_result,sentinel_ai,active_supporting,restricted,needs_owner_mapping,040306ff5ee3aa2466c89119a25df4ed64da2251a786162f1cbd10481f7d0f57
docs/SUNDAY_DAILY_EXECUTIVE_CADENCE_CLOSEOUT_2026-06-14.md,SUNDAY_DAILY_EXECUTIVE_CADENCE_CLOSEOUT_2026-06-14.md,operating_model,sentinel_ai,review_held,public,needs_owner_mapping,4a9c86839a0626bf876172fbf5c4288ce8bff4bc0744f8af05a2bec893e4653a
docs/SUNDAY_WEEKLY_EXECUTIVE_CADENCE_CLOSEOUT_2026-06-14.md,SUNDAY_WEEKLY_EXECUTIVE_CADENCE_CLOSEOUT_2026-06-14.md,cadence,sentinel_ai,unresolved,restricted,needs_owner_mapping,4bc68e9942abbdf8c0421071440e3ec6cc36fa67696333f191786240ab9a03b9
docs/SURFACE_PLANES.md,SURFACE_PLANES.md,policy,sentinel_ai,canonical_active,public,needs_owner_mapping,8c22fb28dd681f4c111e26b85a871a9d70496e234507e6d539ab8ca7e8cbeb86
docs/SYSTEM_DESIGN.md,SYSTEM_DESIGN.md,policy,sentinel_ai,archive_candidate,public,needs_owner_mapping,c43bc1f5d8af538140a6f0fc4109e849de87fd49c246fd342732524ec7c2455e
docs/SYSTEM_POSITIONING.md,SYSTEM_POSITIONING.md,operating_model,sentinel_ai,review_held,held,needs_owner_mapping,881a103723b46fd299880d2833b14870f69742241ddd6e49a48e3f39e40707bf
docs/TASK_TEMPLATES_SYSTEM.md,TASK_TEMPLATES_SYSTEM.md,policy,runtime,review_held,public,needs_owner_mapping,85d6c861859a2d20798e337ce0f60efdc18c100b2eb949cdcdb0152bd5666208
docs/TASK_TEMPLATE_CHECK_FAILURE_REVIEW_2026-06-15.md,TASK_TEMPLATE_CHECK_FAILURE_REVIEW_2026-06-15.md,template,MOB,review_held,held,needs_owner_mapping,2f76352037483232bac7306ce85aad7ee397ca5207f67d4e41c1ef1e69751e64
docs/THURSDAY_DAILY_EXECUTIVE_CADENCE_2026-06-18.md,THURSDAY_DAILY_EXECUTIVE_CADENCE_2026-06-18.md,operating_model,MOB,superseded,public,docs/NUNN_CORPORATION_MASTER_OPERATING_BINDER_2026-06-15.md,fe55ff124fbdad8dc2007ad3ac4cd0ecfbebf03b4f54a8d391b95a660476084b
docs/THURSDAY_DAILY_EXECUTIVE_CADENCE_CLOSEOUT_2026-06-18.md,THURSDAY_DAILY_EXECUTIVE_CADENCE_CLOSEOUT_2026-06-18.md,operating_model,sentinel_ai,superseded,internal,docs/NUNN_CORPORATION_MASTER_OPERATING_BINDER_2026-06-15.md,d7686d65917d340116e05a8473e2b7bef232ab2a22df96fa915c31e7bbae1125
docs/TIER_TRIAL_AUTO_REVERT_POLICY_2026-07-06.md,TIER_TRIAL_AUTO_REVERT_POLICY_2026-07-06.md,policy,sentinel_ai,active_supporting,public,needs_owner_mapping,420e0b2647ba2fdad45f31776f97cbe8eff9f8d7650f909e4518e6a1ffbfcfb9
docs/TILDA_ORCHESTRATION_SUPPORT_COMMAND_PACKET_2026-06-14.md,TILDA_ORCHESTRATION_SUPPORT_COMMAND_PACKET_2026-06-14.md,operating_model,sentinel_ai,review_held,held,needs_owner_mapping,bf69fb7ec533e54a1aa469bca8ec67f05d2887554fd9c3097bfe1ac097da3bc6
docs/TILDA_ORCHESTRATION_SUPPORT_COMMAND_PACKET_REVIEW_RESULT_2026-06-14.md,TILDA_ORCHESTRATION_SUPPORT_COMMAND_PACKET_REVIEW_RESULT_2026-06-14.md,approval_result,sentinel_ai,unresolved,restricted,needs_owner_mapping,f52bec41f619a75bb4124bb74f83a57ae2e479a5027f6a9e26292a4773080691
docs/TILDA_SENTINELOS_SUPPORT_CONTRACT_REVIEW_RESULT_2026-06-15.md,TILDA_SENTINELOS_SUPPORT_CONTRACT_REVIEW_RESULT_2026-06-15.md,operating_model,sentinel_ai,active_supporting,internal,needs_owner_mapping,e0d85f1cb888b718ca6481f4342aa7b90df5c637c5cc36b808db8087de8bbefe
docs/TILDA_SENTINELOS_SUPPORT_LANE_PROCESSING_RESULT_2026-06-12.md,TILDA_SENTINELOS_SUPPORT_LANE_PROCESSING_RESULT_2026-06-12.md,policy,sentinel_ai,unresolved,restricted,needs_owner_mapping,ccee82d5d83fb6c8930a052915af3ec7c41f722cd2b82c3c3b836790b7a68796
docs/TILDA_SUPPORT_REQUEST_ANSWER_AND_ROUTING_MATRIX_2026-06-14.md,TILDA_SUPPORT_REQUEST_ANSWER_AND_ROUTING_MATRIX_2026-06-14.md,policy,sentinel_ai,review_held,restricted,needs_owner_mapping,be16331ef9316965193ccc97bd9c58c98c9b3ab48d821849567d136af724e88d
docs/TODAY_TASKS_2026-04-28.md,TODAY_TASKS_2026-04-28.md,policy,sentinel_ai,active_supporting,protected,needs_owner_mapping,f5362c5dcdd302e9b84b865108899b025802f1b9bf0fc497333f1bf8ee7e9051
docs/TRUST_TESTS_2026-04-29.md,TRUST_TESTS_2026-04-29.md,policy,sentinel_ai,active_supporting,protected,needs_owner_mapping,f15172a87886cefd64379e96ba838c843e70222345bc9b4bfedfeb071fae8667
docs/TUESDAY_EXECUTIVE_CADENCE_CLOSEOUT_2026-06-16.md,TUESDAY_EXECUTIVE_CADENCE_CLOSEOUT_2026-06-16.md,cadence,sentinel_ai,review_held,held,needs_owner_mapping,0df17f5cd3ef524e0651f0fa70598ff009c672c81f11ce79faf3b0aca92b8621
docs/VENDOR_ONBOARDING_RULE_SET_V1.md,VENDOR_ONBOARDING_RULE_SET_V1.md,policy,sentinel_os,review_held,held,needs_owner_mapping,ebf94fc7b2e68e059d38d2991ff74c4f31b95ef594a9ab37ea610ea9905a765a
docs/VR_0001_MISSION_CONTROL_SECURITY_PLATFORM_RECOMMENDATIONS_PROCESSING_RESULT_2026-07-06.md,VR_0001_MISSION_CONTROL_SECURITY_PLATFORM_RECOMMENDATIONS_PROCESSING_RESULT_2026-07-06.md,decision_packet,sentinel_ai,review_held,protected,needs_owner_mapping,5b84105a499ccd0a278e319674734a7b1b9609d5e8fa1a167e715ff0b7665fa7
docs/VR_0001_MISSION_CONTROL_SECURITY_PLATFORM_REVIEW_JOB_2026-07-06.md,VR_0001_MISSION_CONTROL_SECURITY_PLATFORM_REVIEW_JOB_2026-07-06.md,approval_result,sentinel_ai,active_supporting,restricted,needs_owner_mapping,51cc819a99c429107f37dca9ca16b5c0c8b6bb09c15aa3783c992e1ae3e6b0d3
docs/WEDNESDAY_EXECUTIVE_CADENCE_ACTIVATION_2026-06-17.md,WEDNESDAY_EXECUTIVE_CADENCE_ACTIVATION_2026-06-17.md,operating_model,sentinel_ai,review_held,held,needs_owner_mapping,b4989dc15a486941c8265915f5f27f089c4db9ae4af4a604299fceacf53625e5
docs/WEEKLY_AND_MONTH_END_CLOSEOUT_2026-06-30.md,WEEKLY_AND_MONTH_END_CLOSEOUT_2026-06-30.md,operating_model,sentinel_ai,active_supporting,internal,needs_owner_mapping,b8782219cc71ba5aee858a7ad76bc720519bf409bcd88d32529b8f2f0926a18f
docs/WHITE_GLOVE_INPUT_ORIENTED_SUPPORT_REQUEST_IMPLEMENTATION_2026-07-03.md,WHITE_GLOVE_INPUT_ORIENTED_SUPPORT_REQUEST_IMPLEMENTATION_2026-07-03.md,operating_model,sentinel_ai,review_held,held,needs_owner_mapping,319546b0aa3d354ed8952aec628a47fefc8e537bb54d5ef6e986f5dc47780855
docs/WHITE_GLOVE_SENTINEL_AI_SUPPORT_ADOPTION_RESULT_2026-07-03.md,WHITE_GLOVE_SENTINEL_AI_SUPPORT_ADOPTION_RESULT_2026-07-03.md,policy,sentinel_ai,review_held,held,needs_owner_mapping,d47b108005451b4799138960b9dd1b762d15ac2135545425332971fac52cffc7
docs/WORKFLOW_DEFINITIONS.md,WORKFLOW_DEFINITIONS.md,policy,sentinel_ai,active_supporting,internal,needs_owner_mapping,d884fc219432d52a5bf8fe92f7f884316a5d2eb1aee31d652e6ba3be731b6e49
docs/anchors/system-release-current.json,system-release-current.json,approval_result,sentinel_os,canonical_active,internal,needs_owner_mapping,84de5903926533c4a9f7d054b9219eaabf2be742515955d37ede3617578c15a5
docs/diagrams/faceplane_docking_v2.mmd,faceplane_docking_v2.mmd,policy,sentinel_os,archive_candidate,restricted,needs_owner_mapping,8e1c9ea496947a72bf895a2b45483dc906a54ad7de7ba5674154cd260ce82d68
docs/diagrams/governance_pipeline_v2.mmd,governance_pipeline_v2.mmd,policy,evidence_only,archive_candidate,internal,needs_owner_mapping,1a8d94e59b0c1e3dfec8a110423876840aa2eb6ab93b88aa55b0022dcf6c01e7
docs/diagrams/sentinelos_architecture_v2.mmd,sentinelos_architecture_v2.mmd,policy,sentinel_os,archive_candidate,internal,needs_owner_mapping,6d805ae4891154ada26aa81773bf75f74badfe506fde53f3ab36f5315a275c43
docs/executive-desk/board/2026-07.md,2026-07.md,operating_model,executive_desk,active_supporting,restricted,needs_owner_mapping,432773fe0104faa878e0a84176a4f9823661ac5b801a00ea91b11b61f4f0e385
docs/executive-desk/daily/2026-07-15.md,2026-07-15.md,cadence,GBP,active_supporting,internal,needs_owner_mapping,26ecb3b0ef1e5481b42b5a872e6dfc85d3bb9e7a00001eb0f3217da8b82bb223
docs/executive-desk/evidence/2026-07-15-evidence-index.json,2026-07-15-evidence-index.json,template,executive_desk,active_supporting,public,docs/REPO_AUTHORITY_MAP_2026-05-08.md,ab5cdcb3fc4f2e67aad1247721c9da81bec6d09bbe646c4b3de34c57b297b1b6
docs/executive-desk/evidence/2026-07-15-evidence-summary.md,2026-07-15-evidence-summary.md,template,MOB,active_supporting,internal,needs_owner_mapping,505ab10dfa8c4e8e92a50e33de50a52bfececce42d5fa41e36f41e619846a616
docs/executive-desk/government-readiness/2026-07-15.md,2026-07-15.md,doctrine,GBP,active_supporting,internal,needs_owner_mapping,9cfd5fea912c7e1d9124406b2ffa306a84ca7ca82ae048389189c14c03342e44
docs/executive-desk/mob/2026-07-15.md,2026-07-15.md,cadence,MOB,active_supporting,internal,needs_owner_mapping,8cf1ec855f3b9a1f65baf57dd0d75506dcbe380990cc998c97ec1d340b233db3
docs/executive-desk/mob/alignment-profile.json,alignment-profile.json,cadence,MOB,active_supporting,internal,needs_owner_mapping,8721e77b2411fa00c70a7d9aaf727d9ac56ec1d07bba8f0cd63cd0a72e488f20
docs/executive-desk/monthly/2026-07.md,2026-07.md,operating_model,MOB,review_held,held,needs_owner_mapping,603ef559bc768c5254b504d1fdf8e5bf4e563197bf5670c0f8c8e3e63ef4d54a
docs/executive-desk/outcomes/2026-07-15.md,2026-07-15.md,cadence,MOB,active_supporting,internal,needs_owner_mapping,90118ca124a09df40cd0c517b965edcbb8db1c322604279a3557a6129ef486d6
docs/executive-desk/outcomes/verification-profile.json,verification-profile.json,cadence,executive_desk,active_supporting,internal,needs_owner_mapping,7cfe1fbb19fb1b43dd2385e5737dc8c30ca5bb0001f555a32e5fc9c20b7de590
docs/executive-desk/receipts/2026-07-15-governed-build-completion-receipt.json,2026-07-15-governed-build-completion-receipt.json,cadence,MOB,active_supporting,internal,needs_owner_mapping,e99050ce47ad0f0c3cad6cd8713af6cb816115efe81a052781b611d873672f8f
docs/executive-desk/receipts/2026-07-15T07-13-38.552Z-help.json,2026-07-15T07-13-38.552Z-help.json,cadence,MOB,active_supporting,internal,needs_owner_mapping,1a17c7f7602ae775b92914c6d5119460cd768b9e998b311413e8d018727f86a6
docs/executive-desk/receipts/2026-07-15T07-14-07.079Z-health.json,2026-07-15T07-14-07.079Z-health.json,evidence,executive_desk,archive_candidate,internal,needs_owner_mapping,9ba3f4e4e6145d20c9652f8973517f94b0e538d67481102410476190ec8b7a9e
docs/executive-desk/receipts/2026-07-15T07-14-46.297Z-executive-daily.json,2026-07-15T07-14-46.297Z-executive-daily.json,cadence,executive_desk,archive_candidate,internal,needs_owner_mapping,7bd3416fd3178581cdda6a560c3a3510dc7e174f709cf6212b8c4649459af5a9
docs/executive-desk/receipts/2026-07-15T07-14-58.393Z-executive-weekly.json,2026-07-15T07-14-58.393Z-executive-weekly.json,cadence,executive_desk,archive_candidate,internal,needs_owner_mapping,ce9c2c62a66f44baaabf70f4be479a6e73ad8bfaedbca7c25c8d80426cd9a085
docs/executive-desk/receipts/2026-07-15T07-15-03.154Z-executive-monthly.json,2026-07-15T07-15-03.154Z-executive-monthly.json,cadence,executive_desk,archive_candidate,internal,needs_owner_mapping,69f7959e7936b59a12e130191c5fb488f3501e5f210e32c76640d147244f454c
docs/executive-desk/receipts/2026-07-15T07-15-47.510Z-executive-board.json,2026-07-15T07-15-47.510Z-executive-board.json,evidence,executive_desk,archive_candidate,internal,needs_owner_mapping,ae6808f499a09f4ee86e7424e903b042622492ecb7b07b554864eb848e5672b9
docs/executive-desk/receipts/2026-07-15T07-16-04.905Z-government-readiness.json,2026-07-15T07-16-04.905Z-government-readiness.json,evidence,executive_desk,archive_candidate,internal,needs_owner_mapping,58cbfa834f576725511af4650a900d827448348e2d3ef9b93455e8e2ad9d0753
docs/executive-desk/receipts/2026-07-15T07-16-10.317Z-mob-review.json,2026-07-15T07-16-10.317Z-mob-review.json,evidence,MOB,active_supporting,internal,needs_owner_mapping,9131c4d8f737e58bc9b7a6f2193329134eb3d04f99645207606e9a75873ef316
docs/executive-desk/receipts/2026-07-15T07-16-18.989Z-evidence-scan.json,2026-07-15T07-16-18.989Z-evidence-scan.json,evidence,executive_desk,active_supporting,internal,needs_owner_mapping,409ff811daff69dcd2d1af2d610f479deaff79c1a401ee20bad8b29f677019b1
docs/executive-desk/receipts/2026-07-15T07-16-50.883Z-outcome-status.json,2026-07-15T07-16-50.883Z-outcome-status.json,evidence,executive_desk,archive_candidate,internal,needs_owner_mapping,d1e126c037d7b4b9c72e890187b39fc092dbd21c3eba2797ad184b24da2f5b86
docs/executive-desk/receipts/2026-07-15T07-37-27.376Z-mob-review.json,2026-07-15T07-37-27.376Z-mob-review.json,evidence,MOB,active_supporting,internal,needs_owner_mapping,786cbef215689cabbfb9ee1fe772a0369c75f817c62fd4597a90c8d23465666a
docs/executive-desk/receipts/2026-07-15T07-37-32.333Z-outcome-status.json,2026-07-15T07-37-32.333Z-outcome-status.json,evidence,executive_desk,archive_candidate,internal,needs_owner_mapping,70ff8e2e752e5718cb9138b98ddcdbb02068d7f071ae462682013868c34ae210
docs/executive-desk/receipts/2026-07-15T07-38-45.672Z-outcome-status.json,2026-07-15T07-38-45.672Z-outcome-status.json,evidence,executive_desk,archive_candidate,internal,needs_owner_mapping,1e73327da2c25e1e105ed6c06e9e9d3e177cacc77db571361c0643eae29231ce
docs/executive-desk/receipts/2026-07-15T07-38-49.641Z-executive-weekly.json,2026-07-15T07-38-49.641Z-executive-weekly.json,cadence,executive_desk,archive_candidate,internal,needs_owner_mapping,b05eb81b796896233ca74cacb05137094df5f636298a28f12e37b6d1daa2c3eb
docs/executive-desk/weekly/2026-W29.md,2026-W29.md,doctrine,MOB,active_supporting,internal,needs_owner_mapping,fa6e2935a90052321f469827769f19a38e48a613ac7bbf8e71c7147ab378e00a
docs/executive-desk-gpt/README.md,README.md,approval_result,sentinel_os,active_supporting,internal,needs_owner_mapping,100143d1239a1a8592728d99db0bcd7be5830c581dc695e1ecb61d1e3164a5cd
docs/executive-desk-gpt/README.pdf,README.pdf,archive_candidate,sentinel_os,archive_candidate,internal,needs_owner_mapping,c3a5778addd81514a292e97d75ba4f4ef6a116c4dc4f37f0e70168cdd756c75d
docs/executive-desk-gpt/command-envelopes/REPOSITORY_GOVERNANCE_AND_DOCUMENT_CLASSIFICATION_COMMAND_2026-07-16.md,REPOSITORY_GOVERNANCE_AND_DOCUMENT_CLASSIFICATION_COMMAND_2026-07-16.md,doctrine,MOB,superseded,restricted,docs/CANONICAL_DOCUMENTS_INDEX_2026-05-11.md,5d82b34198dcb717ad6e94df78a50a54f9fb12e0e5be6f3eacfca7a4f4714538
docs/executive-desk-gpt/integration-status-2026-06-30.md,integration-status-2026-06-30.md,approval_result,sentinel_os,active_supporting,restricted,needs_owner_mapping,291b7fe9df5b543830c7bc249421b814f15820c71121c9e8a1142160108c25b4
docs/executive-desk-gpt/phase-2-safe-read-only-command-gate-2026-07-01.md,phase-2-safe-read-only-command-gate-2026-07-01.md,approval_result,sentinel_os,active_supporting,public,docs/REPO_CONTROL_LAYER.md,e99744b5e1a7e266f9b6a8c5030bae7af70f1c58d199a20cae94937ef195e1aa
docs/executive-desk-gpt/the-executive-desk-instructions.md,the-executive-desk-instructions.md,operating_model,sentinel_os,active_supporting,public,needs_owner_mapping,6adcb770b29c3d72b862332a7b67bc5c2bdf8312a5897b9b1a6fb6c6d37b1332
docs/executive-desk-gpt/the-executive-desk-instructions.pdf,the-executive-desk-instructions.pdf,archive_candidate,sentinel_os,archive_candidate,internal,needs_owner_mapping,9be5a57af502feaf46fe9c0a16a09f4c0557faf085a861dd2960d168500b7417
docs/executive-desk-gpt/the-executive-desk-no-actions-instructions.md,the-executive-desk-no-actions-instructions.md,operating_model,sentinel_os,historical,internal,needs_owner_mapping,eaf7f5bb3c01b7d0353c683e4d0657c767a82e9f7be27cb1306224d92a104fd4
docs/executive-desk-gpt/the-executive-desk-openapi.yaml,the-executive-desk-openapi.yaml,approval_result,sentinel_os,active_supporting,restricted,needs_owner_mapping,c9115f66163ddd2cf59d86b928b55281b54fe7c3c843019cd0f235d2fff4cff8
docs/executive-desk-gpt/tunnel-refresh-result-2026-07-01.md,tunnel-refresh-result-2026-07-01.md,evidence,sentinel_ai,active_supporting,restricted,needs_owner_mapping,251c0fcd66612c86aa187501017fcf4e40d8eaed9691684622975093cd4973c9
docs/governance/DRIFT_FORK_POLICY.md,DRIFT_FORK_POLICY.md,policy,sentinel_ai,active_supporting,internal,needs_owner_mapping,731c7c539f55d58e0a020dc75d47487b5667b67084fd818ea5f6ed1ef94f0683
docs/payroll-evidence-index-2026-05-05.json,payroll-evidence-index-2026-05-05.json,implementation_manifest,evidence_only,review_held,public,needs_owner_mapping,e8b5b301b9057fc8a9e7ea2228ee41b8a9d692ffdedd4582bec5bf99f8456660
docs/releases/## Nunn Corporation Design Hierarchy.md,## Nunn Corporation Design Hierarchy.md,evidence,release,active_supporting,internal,needs_owner_mapping,8245c997f7c8bd886b876a03e20f7bac4117258c64a76db2b68d5154e9dbe33c
docs/releases/executive-desk/v1.0.0-gate8.md,v1.0.0-gate8.md,policy,executive_desk,review_held,held,needs_owner_mapping,ce6a55730bbbb33871084e94dd17bbac52ad94f3df5b5d3cf3df96cf66b0e284
docs/sentinel-repo-organization-log-2026-05-04.jsonl,sentinel-repo-organization-log-2026-05-04.jsonl,cadence,product,review_held,held,needs_owner_mapping,81c946fc5a16d7d908daf8e448bdc90c17e3920a51008de5930ea852fc4468f6
docs/sentinel-repo-organization-log-2026-05-07.jsonl,sentinel-repo-organization-log-2026-05-07.jsonl,cadence,product,review_held,held,needs_owner_mapping,769f1aac3b716974fccab821dfc39f144ee58e7da09d7d1cf168ce19aea40e1c
docs/sentinel-repo-organization-log-2026-05-11.jsonl,sentinel-repo-organization-log-2026-05-11.jsonl,cadence,customer_experience,archive_candidate,internal,docs/CANONICAL_DOCUMENTS_INDEX_2026-05-11.md,82b7646d7184e260fcc336f57e8ede883625b5a4204a9f0e8486cf1864cb7312
docs/sentinel-repo-organization-log-2026-05-13.jsonl,sentinel-repo-organization-log-2026-05-13.jsonl,cadence,customer_experience,archive_candidate,internal,docs/CANONICAL_DOCUMENTS_INDEX_2026-05-11.md,d46fa74123839872f7d392871f324677a9a09ff1a007f416258ec5fc4027e2e0
docs/sentinel-repo-organization-log-2026-06-01.jsonl,sentinel-repo-organization-log-2026-06-01.jsonl,cadence,customer_experience,archive_candidate,internal,docs/CANONICAL_DOCUMENTS_INDEX_2026-05-11.md,efbf32481eb3bd34ecd12307114fc07d18ef3bcd0a91821737a79ea5337bfed1
docs/sovereign/SOVEREIGN_AIR_GAPPED_LICENSE_OFFER_DRAFT_2026-07-02.md,SOVEREIGN_AIR_GAPPED_LICENSE_OFFER_DRAFT_2026-07-02.md,policy,sentinel_ai,review_held,public,needs_owner_mapping,8f27fa2e36d825ca9455c80ca3ac19d5b5051a524ac17c37ed2656bc76a9ca51
docs/sovereign/SOVEREIGN_ATTORNEY_BRIEF.md,SOVEREIGN_ATTORNEY_BRIEF.md,policy,sentinel_ai,review_held,public,needs_owner_mapping,328d9760b7ffdfc7e999251c0008143a9dbf214ad2468a074bf0efad067115b9
docs/sovereign/SOVEREIGN_COLLATERAL_REWRITE_REVIEW_INDEX_2026-07-02.md,SOVEREIGN_COLLATERAL_REWRITE_REVIEW_INDEX_2026-07-02.md,policy,sentinel_ai,active_supporting,public,needs_owner_mapping,611ae4a6018a1883339e0125d964ca9c9d2ea212f157173c597a4980cbcb5c64
docs/sovereign/SOVEREIGN_MANAGED_PARTNERSHIP_SUPPORT_CONTINUITY_DRAFT_2026-07-02.md,SOVEREIGN_MANAGED_PARTNERSHIP_SUPPORT_CONTINUITY_DRAFT_2026-07-02.md,policy,sentinel_ai,review_held,public,needs_owner_mapping,b4f1e6793e39688f55a7ee4ed3efcd927477a482939168cb1f95389cbbc33e43
docs/sovereign/SOVEREIGN_MANAGED_PARTNERSHIP_SUPPORT_CONTINUITY_REVIEW_RESULT_2026-07-02.md,SOVEREIGN_MANAGED_PARTNERSHIP_SUPPORT_CONTINUITY_REVIEW_RESULT_2026-07-02.md,policy,sentinel_ai,review_held,public,needs_owner_mapping,dfed866009285dd5c55ed72652d5d39701a6abd2bbb75e3aea906411f8369803
docs/sovereign/SOVEREIGN_SUPPORT_CONTINUITY_INTAKE_CHECKLIST_2026-07-02.md,SOVEREIGN_SUPPORT_CONTINUITY_INTAKE_CHECKLIST_2026-07-02.md,policy,sentinel_ai,active_supporting,internal,needs_owner_mapping,de6cd43f5c9e4bf3d03bd7ae508df4df05c2e5e957148bbd04908ee815867562
docs/sovereign/SOVEREIGN_TIER.md,SOVEREIGN_TIER.md,policy,sentinel_ai,active_supporting,restricted,needs_owner_mapping,4cb97b59d3e2a76258d6e76da6ab47e03004cde8599c164947e3879b89c41a33
