source_path,proposed_destination,filename,record_type,authority_layer,lifecycle,access,governing_source,supersedes,superseded_by,duplicate_status,reference_risk,rationale,confidence,owner_decision_required
docs/ACTIVE_GATE_REVIEW_QUEUE_AND_SENDCOMM_ACCESS_RESULT_2026-07-06.md,docs/governance/ACTIVE_GATE_REVIEW_QUEUE_AND_SENDCOMM_ACCESS_RESULT_2026-07-06.md,ACTIVE_GATE_REVIEW_QUEUE_AND_SENDCOMM_ACCESS_RESULT_2026-07-06.md,cadence,sentinel_ai,review_held,public,needs_owner_mapping,,,none,medium,Proposed canonical placement based on authority layer and record type.,0.74,yes
docs/API_CONTROL_EXECUTE_HARDENING_DECISION_PACKET_2026-07-06.md,docs/governance/API_CONTROL_EXECUTE_HARDENING_DECISION_PACKET_2026-07-06.md,API_CONTROL_EXECUTE_HARDENING_DECISION_PACKET_2026-07-06.md,policy,sentinel_ai,active_supporting,protected,needs_owner_mapping,,,none,medium,Proposed canonical placement based on authority layer and record type.,0.74,yes
docs/APPROVED_RUNTIME_UPGRADE_INTRODUCTION_PACKET_2026-07-06.md,docs/governance/APPROVED_RUNTIME_UPGRADE_INTRODUCTION_PACKET_2026-07-06.md,APPROVED_RUNTIME_UPGRADE_INTRODUCTION_PACKET_2026-07-06.md,policy,sentinel_ai,active_supporting,public,needs_owner_mapping,,,none,medium,Proposed canonical placement based on authority layer and record type.,0.74,yes
docs/ARCHITECTURE_ALIGNMENT_PLAN_2026-05-11.md,docs/governance/ARCHITECTURE_ALIGNMENT_PLAN_2026-05-11.md,ARCHITECTURE_ALIGNMENT_PLAN_2026-05-11.md,policy,sentinel_ai,archive_candidate,internal,needs_owner_mapping,,,none,medium,Proposed canonical placement based on authority layer and record type.,0.74,yes
docs/ARCHITECTURE_INDEX_2026-05-11.md,docs/governance/ARCHITECTURE_INDEX_2026-05-11.md,ARCHITECTURE_INDEX_2026-05-11.md,doctrine,sentinel_ai,canonical_active,internal,needs_owner_mapping,,,none,medium,Proposed canonical placement based on authority layer and record type.,0.74,yes
docs/ARCHIVE_INTELLIGENCE_DOCKING_2026-05-13.md,docs/governance/ARCHIVE_INTELLIGENCE_DOCKING_2026-05-13.md,ARCHIVE_INTELLIGENCE_DOCKING_2026-05-13.md,policy,sentinel_ai,historical,public,needs_owner_mapping,,,none,medium,Proposed canonical placement based on authority layer and record type.,0.74,yes
docs/ARCHIVE_INTELLIGENCE_INGESTION_LEDGER_2026-05-13.md,docs/governance/ARCHIVE_INTELLIGENCE_INGESTION_LEDGER_2026-05-13.md,ARCHIVE_INTELLIGENCE_INGESTION_LEDGER_2026-05-13.md,policy,sentinel_ai,historical,internal,needs_owner_mapping,,,none,medium,Proposed canonical placement based on authority layer and record type.,0.74,yes
docs/ARIZONA_SPO_MODERNIZATION_BRIEF_LAYOUT.md,docs/governance/ARIZONA_SPO_MODERNIZATION_BRIEF_LAYOUT.md,ARIZONA_SPO_MODERNIZATION_BRIEF_LAYOUT.md,policy,sentinel_os,review_held,public,needs_owner_mapping,,,none,medium,Proposed canonical placement based on authority layer and record type.,0.74,yes
docs/ARIZONA_SPO_MODERNIZATION_BRIEF_LAYOUT.pdf,docs/governance/ARIZONA_SPO_MODERNIZATION_BRIEF_LAYOUT.pdf,ARIZONA_SPO_MODERNIZATION_BRIEF_LAYOUT.pdf,archive_candidate,sentinel_os,archive_candidate,internal,needs_owner_mapping,,,none,medium,Proposed canonical placement based on authority layer and record type.,0.74,yes
docs/AUTHORITATIVE_GOVERNMENT_OUTCOME_INTAKE_WORKSHEET_2026-06-12.md,docs/governance/AUTHORITATIVE_GOVERNMENT_OUTCOME_INTAKE_WORKSHEET_2026-06-12.md,AUTHORITATIVE_GOVERNMENT_OUTCOME_INTAKE_WORKSHEET_2026-06-12.md,operating_model,sentinel_ai,review_held,restricted,needs_owner_mapping,,,none,medium,Proposed canonical placement based on authority layer and record type.,0.74,yes
docs/AUTHORITATIVE_GOVERNMENT_OUTCOME_INTAKE_WORKSHEET_REVIEW_RESULT_2026-06-12.md,docs/governance/AUTHORITATIVE_GOVERNMENT_OUTCOME_INTAKE_WORKSHEET_REVIEW_RESULT_2026-06-12.md,AUTHORITATIVE_GOVERNMENT_OUTCOME_INTAKE_WORKSHEET_REVIEW_RESULT_2026-06-12.md,operating_model,sentinel_ai,review_held,held,needs_owner_mapping,,,none,medium,Proposed canonical placement based on authority layer and record type.,0.74,yes
docs/AZURE_ENVIRONMENT_DISCOVERY_RESULT_2026-05-30.md,docs/governance/AZURE_ENVIRONMENT_DISCOVERY_RESULT_2026-05-30.md,AZURE_ENVIRONMENT_DISCOVERY_RESULT_2026-05-30.md,template,sentinel_ai,review_held,held,needs_owner_mapping,,,none,medium,Proposed canonical placement based on authority layer and record type.,0.74,yes
docs/AZURE_OWNERFI_PROOF_GREAT_HOLD_STATE_2026-07-03.md,docs/governance/AZURE_OWNERFI_PROOF_GREAT_HOLD_STATE_2026-07-03.md,AZURE_OWNERFI_PROOF_GREAT_HOLD_STATE_2026-07-03.md,operating_model,sentinel_ai,superseded,restricted,needs_owner_mapping,d by the current read-only evidence showing Container App,the current read-only evidence showing Container App,none,medium,Proposed canonical placement based on authority layer and record type.,0.74,yes
docs/AZURE_REACTIVATION_CHECK_RESULT_2026-07-03.md,docs/governance/AZURE_REACTIVATION_CHECK_RESULT_2026-07-03.md,AZURE_REACTIVATION_CHECK_RESULT_2026-07-03.md,evidence,sentinel_ai,active_supporting,restricted,needs_owner_mapping,,,none,medium,Proposed canonical placement based on authority layer and record type.,0.74,yes
docs/BILLING_FUNNEL_READINESS.md,docs/governance/BILLING_FUNNEL_READINESS.md,BILLING_FUNNEL_READINESS.md,evidence,sentinel_ai,active_supporting,internal,needs_owner_mapping,,,none,medium,Proposed canonical placement based on authority layer and record type.,0.74,yes
docs/BOTTLENECK_CLEARANCE_AND_DECISION_REGISTER_2026-05-31.md,docs/governance/BOTTLENECK_CLEARANCE_AND_DECISION_REGISTER_2026-05-31.md,BOTTLENECK_CLEARANCE_AND_DECISION_REGISTER_2026-05-31.md,template,sentinel_ai,review_held,public,needs_owner_mapping,,,none,medium,Proposed canonical placement based on authority layer and record type.,0.74,yes
docs/BUILD_MANUAL_REVIEW_2026-05-06.md,docs/governance/BUILD_MANUAL_REVIEW_2026-05-06.md,BUILD_MANUAL_REVIEW_2026-05-06.md,doctrine,sentinel_ai,active_supporting,internal,needs_owner_mapping,,,none,medium,Proposed canonical placement based on authority layer and record type.,0.74,yes
docs/CADENCE_CLOSEOUT_PLAN_2026-06-30.md,docs/governance/CADENCE_CLOSEOUT_PLAN_2026-06-30.md,CADENCE_CLOSEOUT_PLAN_2026-06-30.md,operating_model,sentinel_ai,superseded,internal,needs_owner_mapping,d plans so they do not leak into current execution.,,none,medium,Proposed canonical placement based on authority layer and record type.,0.74,yes
docs/CADENCE_INDEX_2026-06-30.md,docs/GBP/assessments/CADENCE_INDEX_2026-06-30.md,CADENCE_INDEX_2026-06-30.md,operating_model,MOB,active_supporting,internal,docs/NUNN_CORPORATION_MASTER_OPERATING_BINDER_2026-06-15.md,,,none,medium,Proposed canonical placement based on authority layer and record type.,0.74,yes
docs/CANONICAL_DOCUMENTS_INDEX_2026-05-11.md,docs/governance/CANONICAL_DOCUMENTS_INDEX_2026-05-11.md,CANONICAL_DOCUMENTS_INDEX_2026-05-11.md,doctrine,sentinel_ai,canonical_active,internal,docs/CANONICAL_DOCUMENTS_INDEX_2026-05-11.md,,,none,medium,Proposed canonical placement based on authority layer and record type.,0.74,yes
docs/CDNLUX_SENTINELOS_INTEGRATION.md,docs/governance/CDNLUX_SENTINELOS_INTEGRATION.md,CDNLUX_SENTINELOS_INTEGRATION.md,policy,sentinel_os,canonical_active,internal,needs_owner_mapping,,,none,medium,Proposed canonical placement based on authority layer and record type.,0.74,yes
docs/CLARITY_MEMORY_LAYER_PARTNER_PORTAL_SPECIFICS_QUERY_MANIFEST_2026-06-17.md,docs/governance/CLARITY_MEMORY_LAYER_PARTNER_PORTAL_SPECIFICS_QUERY_MANIFEST_2026-06-17.md,CLARITY_MEMORY_LAYER_PARTNER_PORTAL_SPECIFICS_QUERY_MANIFEST_2026-06-17.md,blueprint,sentinel_ai,canonical_active,restricted,needs_owner_mapping,,,none,medium,Proposed canonical placement based on authority layer and record type.,0.74,yes
docs/CLARITY_MEMORY_LAYER_PARTNER_PORTAL_SPECIFICS_QUERY_RESULT_2026-06-17.md,docs/governance/CLARITY_MEMORY_LAYER_PARTNER_PORTAL_SPECIFICS_QUERY_RESULT_2026-06-17.md,CLARITY_MEMORY_LAYER_PARTNER_PORTAL_SPECIFICS_QUERY_RESULT_2026-06-17.md,blueprint,sentinel_ai,unresolved,restricted,needs_owner_mapping,,,none,medium,Proposed canonical placement based on authority layer and record type.,0.74,yes
docs/CODE_AND_DOCS_SPLIT_REVIEW_2026-06-02.md,docs/governance/CODE_AND_DOCS_SPLIT_REVIEW_2026-06-02.md,CODE_AND_DOCS_SPLIT_REVIEW_2026-06-02.md,policy,sentinel_ai,active_supporting,internal,needs_owner_mapping,,,none,medium,Proposed canonical placement based on authority layer and record type.,0.74,yes
docs/CODE_OPTIMIZATION_PLAN_2026-05-11.md,docs/governance/CODE_OPTIMIZATION_PLAN_2026-05-11.md,CODE_OPTIMIZATION_PLAN_2026-05-11.md,policy,sentinel_ai,archive_candidate,internal,needs_owner_mapping,,,none,medium,Proposed canonical placement based on authority layer and record type.,0.74,yes
docs/COMMERCIAL_ASSETS_2026-04-29.md,docs/governance/COMMERCIAL_ASSETS_2026-04-29.md,COMMERCIAL_ASSETS_2026-04-29.md,policy,sentinel_ai,active_supporting,internal,needs_owner_mapping,,,none,medium,Proposed canonical placement based on authority layer and record type.,0.74,yes
docs/COMMERCIAL_ASSETS_2026-04-29.pdf,docs/governance/COMMERCIAL_ASSETS_2026-04-29.pdf,COMMERCIAL_ASSETS_2026-04-29.pdf,archive_candidate,sentinel_os,archive_candidate,internal,needs_owner_mapping,,,none,medium,Proposed canonical placement based on authority layer and record type.,0.74,yes
docs/CONTRACT_RECLAMATION_FACEPLANE_ALIGNMENT_PLAN_2026-05-31.md,docs/governance/CONTRACT_RECLAMATION_FACEPLANE_ALIGNMENT_PLAN_2026-05-31.md,CONTRACT_RECLAMATION_FACEPLANE_ALIGNMENT_PLAN_2026-05-31.md,doctrine,sentinel_ai,review_held,public,needs_owner_mapping,,,none,medium,Proposed canonical placement based on authority layer and record type.,0.74,yes
docs/CONTRACT_RECLAMATION_FACEPLANE_BEFORE_AFTER_REVIEW_2026-05-31.md,docs/governance/CONTRACT_RECLAMATION_FACEPLANE_BEFORE_AFTER_REVIEW_2026-05-31.md,CONTRACT_RECLAMATION_FACEPLANE_BEFORE_AFTER_REVIEW_2026-05-31.md,doctrine,sentinel_ai,active_supporting,public,needs_owner_mapping,,,none,medium,Proposed canonical placement based on authority layer and record type.,0.74,yes
docs/CONTRACT_RECLAMATION_IMPORT_OR_STANDALONE_DECISION_2026-06-01.md,docs/governance/CONTRACT_RECLAMATION_IMPORT_OR_STANDALONE_DECISION_2026-06-01.md,CONTRACT_RECLAMATION_IMPORT_OR_STANDALONE_DECISION_2026-06-01.md,approval_result,sentinel_ai,review_held,public,needs_owner_mapping,,,none,medium,Proposed canonical placement based on authority layer and record type.,0.74,yes
docs/CORRECTED_SENTINEL_AI_COMMAND_ACCESS_VERBIAGE_REVIEW_RESULT_2026-06-17.md,docs/governance/CORRECTED_SENTINEL_AI_COMMAND_ACCESS_VERBIAGE_REVIEW_RESULT_2026-06-17.md,CORRECTED_SENTINEL_AI_COMMAND_ACCESS_VERBIAGE_REVIEW_RESULT_2026-06-17.md,operating_model,sentinel_ai,active_supporting,internal,needs_owner_mapping,,,none,medium,Proposed canonical placement based on authority layer and record type.,0.74,yes
docs/CURRENT_APPROVALS_AND_DECISIONS_2026-06-01.md,docs/governance/CURRENT_APPROVALS_AND_DECISIONS_2026-06-01.md,CURRENT_APPROVALS_AND_DECISIONS_2026-06-01.md,operating_model,sentinel_ai,review_held,held,docs/SENTINEL_MANAGED_REPOSITORY_ORGANIZATION_CONTROL_PACKET_2026-06-01.md,,,none,medium,Proposed canonical placement based on authority layer and record type.,0.74,yes
docs/CURRENT_SENTINEL_DEPLOYMENT_FOOTPRINT_EXECUTIVE_INTAKE_RECONCILIATION_2026-06-12.md,docs/governance/CURRENT_SENTINEL_DEPLOYMENT_FOOTPRINT_EXECUTIVE_INTAKE_RECONCILIATION_2026-06-12.md,CURRENT_SENTINEL_DEPLOYMENT_FOOTPRINT_EXECUTIVE_INTAKE_RECONCILIATION_2026-06-12.md,operating_model,evidence_only,historical,restricted,needs_owner_mapping,,,none,medium,Proposed canonical placement based on authority layer and record type.,0.74,yes
docs/CURRENT_WORKTREE_EVIDENCE_BASELINE_2026-07-05.md,docs/GBP/assessments/CURRENT_WORKTREE_EVIDENCE_BASELINE_2026-07-05.md,CURRENT_WORKTREE_EVIDENCE_BASELINE_2026-07-05.md,operating_model,MOB,active_supporting,public,docs/NUNN_CORPORATION_MASTER_OPERATING_BINDER_2026-06-15.md,,,none,medium,Proposed canonical placement based on authority layer and record type.,0.74,yes
docs/CUSTOMER_DISCOVERY_INTAKE_AND_RISK_QUESTIONNAIRE_2026-07-03.md,docs/governance/CUSTOMER_DISCOVERY_INTAKE_AND_RISK_QUESTIONNAIRE_2026-07-03.md,CUSTOMER_DISCOVERY_INTAKE_AND_RISK_QUESTIONNAIRE_2026-07-03.md,template,sentinel_ai,review_held,restricted,needs_owner_mapping,,,none,medium,Proposed canonical placement based on authority layer and record type.,0.74,yes
docs/CUSTOMER_DISCOVERY_INTAKE_AND_RISK_QUESTIONNAIRE_POPULATED_RESULT_2026-07-03.md,docs/governance/CUSTOMER_DISCOVERY_INTAKE_AND_RISK_QUESTIONNAIRE_POPULATED_RESULT_2026-07-03.md,CUSTOMER_DISCOVERY_INTAKE_AND_RISK_QUESTIONNAIRE_POPULATED_RESULT_2026-07-03.md,approval_result,sentinel_ai,review_held,restricted,needs_owner_mapping,,,none,medium,Proposed canonical placement based on authority layer and record type.,0.74,yes
docs/CUSTOMER_IMPLEMENTATION_SCOPE_AND_RISK_PACKET_2026-07-03.md,docs/governance/CUSTOMER_IMPLEMENTATION_SCOPE_AND_RISK_PACKET_2026-07-03.md,CUSTOMER_IMPLEMENTATION_SCOPE_AND_RISK_PACKET_2026-07-03.md,approval_result,sentinel_ai,review_held,held,needs_owner_mapping,,,none,medium,Proposed canonical placement based on authority layer and record type.,0.74,yes
docs/DAILY_BRIEF_2026-04-23.md,docs/governance/DAILY_BRIEF_2026-04-23.md,DAILY_BRIEF_2026-04-23.md,operating_model,sentinel_ai,historical,protected,needs_owner_mapping,,,none,medium,Proposed canonical placement based on authority layer and record type.,0.74,yes
docs/DAILY_BRIEF_2026-04-24.md,docs/governance/DAILY_BRIEF_2026-04-24.md,DAILY_BRIEF_2026-04-24.md,operating_model,sentinel_ai,historical,protected,needs_owner_mapping,,,none,medium,Proposed canonical placement based on authority layer and record type.,0.74,yes
docs/DAILY_BRIEF_RETENTION_RULE.md,docs/governance/DAILY_BRIEF_RETENTION_RULE.md,DAILY_BRIEF_RETENTION_RULE.md,operating_model,evidence_only,superseded,protected,needs_owner_mapping,them.,,none,medium,Proposed canonical placement based on authority layer and record type.,0.74,yes
docs/DAILY_EXECUTIVE_CADENCE_PLAN_2026-06-16_AND_2026-06-17.md,docs/governance/DAILY_EXECUTIVE_CADENCE_PLAN_2026-06-16_AND_2026-06-17.md,DAILY_EXECUTIVE_CADENCE_PLAN_2026-06-16_AND_2026-06-17.md,template,sentinel_ai,review_held,held,needs_owner_mapping,,,none,medium,Proposed canonical placement based on authority layer and record type.,0.74,yes
docs/DAILY_OPERATING_GOAL.md,docs/governance/DAILY_OPERATING_GOAL.md,DAILY_OPERATING_GOAL.md,policy,sentinel_ai,archive_candidate,internal,needs_owner_mapping,,,none,medium,Proposed canonical placement based on authority layer and record type.,0.74,yes
docs/DAILY_REPORT_2026-04-21.md,docs/governance/DAILY_REPORT_2026-04-21.md,DAILY_REPORT_2026-04-21.md,cadence,sentinel_os,active_supporting,restricted,needs_owner_mapping,,,none,medium,Proposed canonical placement based on authority layer and record type.,0.74,yes
docs/DEAL_EXECUTION_ENGINE_POSITIONING.md,docs/governance/DEAL_EXECUTION_ENGINE_POSITIONING.md,DEAL_EXECUTION_ENGINE_POSITIONING.md,approval_result,sentinel_os,archive_candidate,internal,needs_owner_mapping,,,none,medium,Proposed canonical placement based on authority layer and record type.,0.74,yes
docs/DECISION_QUEUE_CLEARANCE_2026-06-01.md,docs/governance/DECISION_QUEUE_CLEARANCE_2026-06-01.md,DECISION_QUEUE_CLEARANCE_2026-06-01.md,approval_result,sentinel_ai,review_held,public,needs_owner_mapping,,,none,medium,Proposed canonical placement based on authority layer and record type.,0.74,yes
docs/DEMO_CONTRACT.md,docs/governance/DEMO_CONTRACT.md,DEMO_CONTRACT.md,approval_result,sentinel_ai,active_supporting,internal,needs_owner_mapping,,,none,medium,Proposed canonical placement based on authority layer and record type.,0.74,yes
docs/DEPLOYMENT.md,docs/governance/DEPLOYMENT.md,DEPLOYMENT.md,approval_result,sentinel_os,archive_candidate,restricted,needs_owner_mapping,,,none,medium,Proposed canonical placement based on authority layer and record type.,0.74,yes
docs/DIAGNOSTIC_SETTINGS_IMPLEMENTATION_AUTHORITY_REQUEST_2026-05-31.md,docs/governance/DIAGNOSTIC_SETTINGS_IMPLEMENTATION_AUTHORITY_REQUEST_2026-05-31.md,DIAGNOSTIC_SETTINGS_IMPLEMENTATION_AUTHORITY_REQUEST_2026-05-31.md,approval_result,sentinel_ai,active_supporting,restricted,needs_owner_mapping,,,none,medium,Proposed canonical placement based on authority layer and record type.,0.74,yes
docs/DIAGNOSTIC_SETTINGS_IMPLEMENTATION_EXECUTION_RESULT_2026-05-31.md,docs/governance/DIAGNOSTIC_SETTINGS_IMPLEMENTATION_EXECUTION_RESULT_2026-05-31.md,DIAGNOSTIC_SETTINGS_IMPLEMENTATION_EXECUTION_RESULT_2026-05-31.md,approval_result,sentinel_ai,active_supporting,restricted,needs_owner_mapping,,,none,medium,Proposed canonical placement based on authority layer and record type.,0.74,yes
docs/DIAGNOSTIC_SETTINGS_IMPLEMENTATION_PLAN_ONLY_REQUEST_2026-05-30.md,docs/governance/DIAGNOSTIC_SETTINGS_IMPLEMENTATION_PLAN_ONLY_REQUEST_2026-05-30.md,DIAGNOSTIC_SETTINGS_IMPLEMENTATION_PLAN_ONLY_REQUEST_2026-05-30.md,evidence,sentinel_ai,review_held,held,needs_owner_mapping,,,none,medium,Proposed canonical placement based on authority layer and record type.,0.74,yes
docs/DIAGNOSTIC_SETTINGS_MUTATION_MANIFEST_2026-06-01.md,docs/governance/DIAGNOSTIC_SETTINGS_MUTATION_MANIFEST_2026-06-01.md,DIAGNOSTIC_SETTINGS_MUTATION_MANIFEST_2026-06-01.md,approval_result,sentinel_ai,active_supporting,restricted,needs_owner_mapping,,,none,medium,Proposed canonical placement based on authority layer and record type.,0.74,yes
docs/DOCUMENTATION_POLICY_GUARDRAIL.md,docs/GBP/doctrine/DOCUMENTATION_POLICY_GUARDRAIL.md,DOCUMENTATION_POLICY_GUARDRAIL.md,doctrine,GBP,historical,held,needs_owner_mapping,,,none,high,Proposed canonical placement based on authority layer and record type.,0.74,yes
docs/DOE_T2_CDT_001_FACEPLANE_CONTROL_INPUT_2026-05-31.md,docs/governance/DOE_T2_CDT_001_FACEPLANE_CONTROL_INPUT_2026-05-31.md,DOE_T2_CDT_001_FACEPLANE_CONTROL_INPUT_2026-05-31.md,evidence,sentinel_ai,review_held,public,needs_owner_mapping,,,none,medium,Proposed canonical placement based on authority layer and record type.,0.74,yes
docs/DOE_T2_CDT_001_VALIDATION_AND_RELEASE_CONTROL_REVIEW_2026-06-18.md,docs/governance/DOE_T2_CDT_001_VALIDATION_AND_RELEASE_CONTROL_REVIEW_2026-06-18.md,DOE_T2_CDT_001_VALIDATION_AND_RELEASE_CONTROL_REVIEW_2026-06-18.md,review_result,sentinel_ai,review_held,public,needs_owner_mapping,,,none,medium,Proposed canonical placement based on authority layer and record type.,0.74,yes
docs/ED25519_KEY_MANAGEMENT_AND_COMPATIBILITY_REVIEW_2026-06-17.md,docs/governance/ED25519_KEY_MANAGEMENT_AND_COMPATIBILITY_REVIEW_2026-06-17.md,ED25519_KEY_MANAGEMENT_AND_COMPATIBILITY_REVIEW_2026-06-17.md,policy,sentinel_ai,canonical_active,restricted,needs_owner_mapping,,,none,medium,Proposed canonical placement based on authority layer and record type.,0.74,yes
docs/EVENT_NAME_RECONCILIATION_REPORT_2026-05-30.md,docs/governance/EVENT_NAME_RECONCILIATION_REPORT_2026-05-30.md,EVENT_NAME_RECONCILIATION_REPORT_2026-05-30.md,evidence,sentinel_ai,canonical_active,public,needs_owner_mapping,,,none,medium,Proposed canonical placement based on authority layer and record type.,0.74,yes
docs/EVENT_NAME_RECONCILIATION_REPORT_OPERATOR_DECISION_2026-05-30.md,docs/governance/EVENT_NAME_RECONCILIATION_REPORT_OPERATOR_DECISION_2026-05-30.md,EVENT_NAME_RECONCILIATION_REPORT_OPERATOR_DECISION_2026-05-30.md,approval_result,sentinel_ai,review_held,restricted,needs_owner_mapping,,,none,medium,Proposed canonical placement based on authority layer and record type.,0.74,yes
docs/EXACT_READ_ONLY_CURRENT_SENTINEL_DEPLOYMENT_FOOTPRINT_DISCOVERY_MANIFEST_2026-06-13.md,docs/governance/EXACT_READ_ONLY_CURRENT_SENTINEL_DEPLOYMENT_FOOTPRINT_DISCOVERY_MANIFEST_2026-06-13.md,EXACT_READ_ONLY_CURRENT_SENTINEL_DEPLOYMENT_FOOTPRINT_DISCOVERY_MANIFEST_2026-06-13.md,policy,sentinel_ai,historical,restricted,needs_owner_mapping,,,none,medium,Proposed canonical placement based on authority layer and record type.,0.74,yes
docs/EXACT_RELEASE_STAGING_MANIFEST_REVIEW_2026-06-15.md,docs/governance/EXACT_RELEASE_STAGING_MANIFEST_REVIEW_2026-06-15.md,EXACT_RELEASE_STAGING_MANIFEST_REVIEW_2026-06-15.md,policy,sentinel_ai,review_held,public,docs/SENTINEL_MANAGED_REPOSITORY_EVIDENCE_AND_CLASSIFICATION_2026-06-11.md,,,none,medium,Proposed canonical placement based on authority layer and record type.,0.74,yes
docs/EXACT_RELEASE_STAGING_MANIFEST_REVIEW_RESULT_2026-06-15.md,docs/governance/EXACT_RELEASE_STAGING_MANIFEST_REVIEW_RESULT_2026-06-15.md,EXACT_RELEASE_STAGING_MANIFEST_REVIEW_RESULT_2026-06-15.md,review_result,sentinel_ai,review_held,restricted,needs_owner_mapping,,,none,medium,Proposed canonical placement based on authority layer and record type.,0.74,yes
docs/EXACT_SENTINEL_EXECUTIVE_ENVELOPE_COMMAND_CHANGE_REVIEW_2026-06-12.md,docs/governance/EXACT_SENTINEL_EXECUTIVE_ENVELOPE_COMMAND_CHANGE_REVIEW_2026-06-12.md,EXACT_SENTINEL_EXECUTIVE_ENVELOPE_COMMAND_CHANGE_REVIEW_2026-06-12.md,policy,sentinel_os,review_held,held,needs_owner_mapping,,,none,medium,Proposed canonical placement based on authority layer and record type.,0.74,yes
docs/EXACT_SENTINEL_NEXUS_BHINDI_VAULT_READ_ONLY_POC_TEST_MANIFEST_2026-06-17.md,docs/governance/EXACT_SENTINEL_NEXUS_BHINDI_VAULT_READ_ONLY_POC_TEST_MANIFEST_2026-06-17.md,EXACT_SENTINEL_NEXUS_BHINDI_VAULT_READ_ONLY_POC_TEST_MANIFEST_2026-06-17.md,policy,sentinel_ai,active_supporting,internal,needs_owner_mapping,,,none,medium,Proposed canonical placement based on authority layer and record type.,0.74,yes
docs/EXACT_STAGING_MANIFEST_REVIEW_CURRENT_CONTROL_PACKET_2026-05-31.md,docs/governance/EXACT_STAGING_MANIFEST_REVIEW_CURRENT_CONTROL_PACKET_2026-05-31.md,EXACT_STAGING_MANIFEST_REVIEW_CURRENT_CONTROL_PACKET_2026-05-31.md,policy,sentinel_ai,review_held,restricted,needs_owner_mapping,,,none,medium,Proposed canonical placement based on authority layer and record type.,0.74,yes
docs/EXACT_STAGING_MANIFEST_REVIEW_CURRENT_CONTROL_PACKET_2026-06-01.md,docs/governance/EXACT_STAGING_MANIFEST_REVIEW_CURRENT_CONTROL_PACKET_2026-06-01.md,EXACT_STAGING_MANIFEST_REVIEW_CURRENT_CONTROL_PACKET_2026-06-01.md,operating_model,sentinel_ai,review_held,restricted,docs/SENTINEL_MANAGED_REPOSITORY_ORGANIZATION_CONTROL_PACKET_2026-06-01.md,,,none,medium,Proposed canonical placement based on authority layer and record type.,0.74,yes
docs/EXECUTION_ARCHITECTURE.md,docs/governance/EXECUTION_ARCHITECTURE.md,EXECUTION_ARCHITECTURE.md,policy,sentinel_ai,canonical_active,internal,needs_owner_mapping,,,none,medium,Proposed canonical placement based on authority layer and record type.,0.74,yes
docs/EXECUTION_TRACE_COMPLETENESS_REPAIR_IMPLEMENTATION_RESULT_2026-06-17.md,docs/governance/EXECUTION_TRACE_COMPLETENESS_REPAIR_IMPLEMENTATION_RESULT_2026-06-17.md,EXECUTION_TRACE_COMPLETENESS_REPAIR_IMPLEMENTATION_RESULT_2026-06-17.md,policy,sentinel_ai,active_supporting,internal,needs_owner_mapping,,,none,medium,Proposed canonical placement based on authority layer and record type.,0.74,yes
docs/EXECUTION_TRACE_COMPLETENESS_REPAIR_PLAN_2026-06-17.md,docs/governance/EXECUTION_TRACE_COMPLETENESS_REPAIR_PLAN_2026-06-17.md,EXECUTION_TRACE_COMPLETENESS_REPAIR_PLAN_2026-06-17.md,policy,sentinel_ai,active_supporting,internal,needs_owner_mapping,,,none,medium,Proposed canonical placement based on authority layer and record type.,0.74,yes
docs/EXECUTION_TRACE_DISPATCH_READ_ONLY_REVIEW_2026-06-16.md,docs/governance/EXECUTION_TRACE_DISPATCH_READ_ONLY_REVIEW_2026-06-16.md,EXECUTION_TRACE_DISPATCH_READ_ONLY_REVIEW_2026-06-16.md,evidence,sentinel_ai,active_supporting,internal,needs_owner_mapping,,,none,medium,Proposed canonical placement based on authority layer and record type.,0.74,yes
docs/EXECUTIVE_BOARD_2026-05-11.md,docs/governance/EXECUTIVE_BOARD_2026-05-11.md,EXECUTIVE_BOARD_2026-05-11.md,doctrine,sentinel_ai,review_held,public,needs_owner_mapping,,,none,medium,Proposed canonical placement based on authority layer and record type.,0.74,yes
docs/EXECUTIVE_BOARD_2026-06-11.md,docs/governance/EXECUTIVE_BOARD_2026-06-11.md,EXECUTIVE_BOARD_2026-06-11.md,operating_model,sentinel_ai,superseded,held,docs/SENTINEL_STEERING_DOCUMENT_CANCELLATION_AND_AUTHORITY_LAYER_DIRECTION_2026-06-18.md,d_next_gate: COMPLETE_EXECUTION_TRACE_REPAIR_THEN_APPROVE_FIXTURE_ONLY_POC_TEST_EXECUTION,,none,medium,Proposed canonical placement based on authority layer and record type.,0.74,yes
docs/EXECUTIVE_BOARD_2026-06-19.md,docs/governance/EXECUTIVE_BOARD_2026-06-19.md,EXECUTIVE_BOARD_2026-06-19.md,operating_model,sentinel_ai,review_held,restricted,needs_owner_mapping,,,none,medium,Proposed canonical placement based on authority layer and record type.,0.74,yes
docs/EXECUTIVE_BOARD_2026-07-01.md,docs/GBP/doctrine/EXECUTIVE_BOARD_2026-07-01.md,EXECUTIVE_BOARD_2026-07-01.md,doctrine,MOB,unresolved,public,docs/NUNN_CORPORATION_MASTER_OPERATING_BINDER_2026-06-15.md,,,none,medium,Proposed canonical placement based on authority layer and record type.,0.74,yes
docs/EXECUTIVE_BOARD_ADDRESS_2026-07-01.md,docs/governance/EXECUTIVE_BOARD_ADDRESS_2026-07-01.md,EXECUTIVE_BOARD_ADDRESS_2026-07-01.md,doctrine,sentinel_os,unresolved,restricted,needs_owner_mapping,,,none,medium,Proposed canonical placement based on authority layer and record type.,0.74,yes
docs/EXECUTIVE_BOARD_JULY_05_ADDENDUM_2026-07-05.md,docs/GBP/assessments/EXECUTIVE_BOARD_JULY_05_ADDENDUM_2026-07-05.md,EXECUTIVE_BOARD_JULY_05_ADDENDUM_2026-07-05.md,operating_model,MOB,review_held,public,docs/NUNN_CORPORATION_MASTER_OPERATING_BINDER_2026-06-15.md,,,none,medium,Proposed canonical placement based on authority layer and record type.,0.74,yes
docs/EXECUTIVE_BOARD_JULY_STARTING_POINT_2026-06-30.md,docs/GBP/assessments/EXECUTIVE_BOARD_JULY_STARTING_POINT_2026-06-30.md,EXECUTIVE_BOARD_JULY_STARTING_POINT_2026-06-30.md,operating_model,MOB,historical,held,docs/NUNN_CORPORATION_MASTER_OPERATING_BINDER_2026-06-15.md,,,none,medium,Proposed canonical placement based on authority layer and record type.,0.74,yes
docs/EXECUTIVE_BOARD_MOB_REFRESHED_2026-06-15.md,docs/GBP/assessments/EXECUTIVE_BOARD_MOB_REFRESHED_2026-06-15.md,EXECUTIVE_BOARD_MOB_REFRESHED_2026-06-15.md,operating_model,MOB,review_held,restricted,docs/NUNN_CORPORATION_MASTER_OPERATING_BINDER_2026-06-15.md,,,none,medium,Proposed canonical placement based on authority layer and record type.,0.74,yes
docs/EXECUTIVE_BOARD_REFRESHED_FOR_PROCESSING_2026-06-13.md,docs/governance/EXECUTIVE_BOARD_REFRESHED_FOR_PROCESSING_2026-06-13.md,EXECUTIVE_BOARD_REFRESHED_FOR_PROCESSING_2026-06-13.md,cadence,sentinel_ai,historical,held,needs_owner_mapping,,,none,medium,Proposed canonical placement based on authority layer and record type.,0.74,yes
docs/EXECUTIVE_BOARD_SUMMARY_UPDATE_2026-06-12.md,docs/governance/EXECUTIVE_BOARD_SUMMARY_UPDATE_2026-06-12.md,EXECUTIVE_BOARD_SUMMARY_UPDATE_2026-06-12.md,operating_model,sentinel_ai,review_held,held,needs_owner_mapping,,,none,medium,Proposed canonical placement based on authority layer and record type.,0.74,yes
docs/EXECUTIVE_DESK_GPT_RUNTIME_UPGRADE_GUIDED_SUPPORT_SCRIPT_2026-07-06.md,docs/governance/EXECUTIVE_DESK_GPT_RUNTIME_UPGRADE_GUIDED_SUPPORT_SCRIPT_2026-07-06.md,EXECUTIVE_DESK_GPT_RUNTIME_UPGRADE_GUIDED_SUPPORT_SCRIPT_2026-07-06.md,approval_result,sentinel_ai,active_supporting,public,needs_owner_mapping,,,none,medium,Proposed canonical placement based on authority layer and record type.,0.74,yes
docs/EXECUTIVE_DESK_GPT_RUNTIME_UPGRADE_HANDOFF_AND_PROMPT_PACK_2026-07-06.md,docs/GBP/doctrine/EXECUTIVE_DESK_GPT_RUNTIME_UPGRADE_HANDOFF_AND_PROMPT_PACK_2026-07-06.md,EXECUTIVE_DESK_GPT_RUNTIME_UPGRADE_HANDOFF_AND_PROMPT_PACK_2026-07-06.md,policy,MOB,review_held,public,needs_owner_mapping,,,none,medium,Proposed canonical placement based on authority layer and record type.,0.74,yes
docs/EXECUTIVE_DESK_GPT_RUNTIME_UPGRADE_USER_FLOW_2026-07-06.md,docs/governance/EXECUTIVE_DESK_GPT_RUNTIME_UPGRADE_USER_FLOW_2026-07-06.md,EXECUTIVE_DESK_GPT_RUNTIME_UPGRADE_USER_FLOW_2026-07-06.md,policy,sentinel_ai,review_held,public,needs_owner_mapping,,,none,medium,Proposed canonical placement based on authority layer and record type.,0.74,yes
docs/EXECUTIVE_DESK_RUNTIME_RESTORE_EXECUTION_APPROVAL_RESULT_2026-06-19.md,docs/governance/EXECUTIVE_DESK_RUNTIME_RESTORE_EXECUTION_APPROVAL_RESULT_2026-06-19.md,EXECUTIVE_DESK_RUNTIME_RESTORE_EXECUTION_APPROVAL_RESULT_2026-06-19.md,operating_model,sentinel_ai,review_held,restricted,needs_owner_mapping,,,none,medium,Proposed canonical placement based on authority layer and record type.,0.74,yes
docs/EXECUTIVE_DESK_RUNTIME_RESTORE_EXECUTION_PREFLIGHT_RESULT_2026-06-20.md,docs/governance/EXECUTIVE_DESK_RUNTIME_RESTORE_EXECUTION_PREFLIGHT_RESULT_2026-06-20.md,EXECUTIVE_DESK_RUNTIME_RESTORE_EXECUTION_PREFLIGHT_RESULT_2026-06-20.md,operating_model,sentinel_ai,historical,restricted,needs_owner_mapping,,,none,medium,Proposed canonical placement based on authority layer and record type.,0.74,yes
docs/EXECUTIVE_DESK_V1.md,docs/governance/EXECUTIVE_DESK_V1.md,EXECUTIVE_DESK_V1.md,policy,sentinel_os,active_supporting,internal,needs_owner_mapping,,,none,medium,Proposed canonical placement based on authority layer and record type.,0.74,yes
docs/EXECUTIVE_DRIFT_FOCUS_REPORT_2026-06-18.md,docs/governance/EXECUTIVE_DRIFT_FOCUS_REPORT_2026-06-18.md,EXECUTIVE_DRIFT_FOCUS_REPORT_2026-06-18.md,operating_model,sentinel_ai,review_held,public,needs_owner_mapping,,,none,medium,Proposed canonical placement based on authority layer and record type.,0.74,yes
docs/EXECUTIVE_PRIORITY_EVIDENCE_AND_APPROVAL_MATRIX_2026-06-18.md,docs/governance/EXECUTIVE_PRIORITY_EVIDENCE_AND_APPROVAL_MATRIX_2026-06-18.md,EXECUTIVE_PRIORITY_EVIDENCE_AND_APPROVAL_MATRIX_2026-06-18.md,decision_packet,sentinel_ai,review_held,public,needs_owner_mapping,,,none,medium,Proposed canonical placement based on authority layer and record type.,0.74,yes
docs/EXECUTIVE_SNAPSHOT_2026-05-05.md,docs/governance/EXECUTIVE_SNAPSHOT_2026-05-05.md,EXECUTIVE_SNAPSHOT_2026-05-05.md,policy,sentinel_ai,historical,restricted,needs_owner_mapping,,,none,medium,Proposed canonical placement based on authority layer and record type.,0.74,yes
docs/EXECUTIVE_SNAPSHOT_2026-05-07.md,docs/governance/EXECUTIVE_SNAPSHOT_2026-05-07.md,EXECUTIVE_SNAPSHOT_2026-05-07.md,doctrine,sentinel_ai,historical,protected,needs_owner_mapping,,,none,medium,Proposed canonical placement based on authority layer and record type.,0.74,yes
docs/EXECUTIVE_SNAPSHOT_2026-05-11.md,docs/governance/EXECUTIVE_SNAPSHOT_2026-05-11.md,EXECUTIVE_SNAPSHOT_2026-05-11.md,policy,sentinel_ai,historical,restricted,docs/CANONICAL_DOCUMENTS_INDEX_2026-05-11.md,,,none,medium,Proposed canonical placement based on authority layer and record type.,0.74,yes
docs/EXECUTIVE_SNAPSHOT_2026-05-12.md,docs/governance/EXECUTIVE_SNAPSHOT_2026-05-12.md,EXECUTIVE_SNAPSHOT_2026-05-12.md,policy,sentinel_ai,historical,protected,needs_owner_mapping,it.,,none,medium,Proposed canonical placement based on authority layer and record type.,0.74,yes
docs/EXECUTIVE_SNAPSHOT_2026-06-01.md,docs/governance/EXECUTIVE_SNAPSHOT_2026-06-01.md,EXECUTIVE_SNAPSHOT_2026-06-01.md,operating_model,sentinel_ai,review_held,held,needs_owner_mapping,,,none,medium,Proposed canonical placement based on authority layer and record type.,0.74,yes
docs/EXECUTIVE_SNAPSHOT_2026-06-11.md,docs/governance/EXECUTIVE_SNAPSHOT_2026-06-11.md,EXECUTIVE_SNAPSHOT_2026-06-11.md,operating_model,sentinel_ai,review_held,held,needs_owner_mapping,,,none,medium,Proposed canonical placement based on authority layer and record type.,0.74,yes
docs/EXECUTIVE_SNAPSHOT_2026-06-13.md,docs/governance/EXECUTIVE_SNAPSHOT_2026-06-13.md,EXECUTIVE_SNAPSHOT_2026-06-13.md,operating_model,sentinel_ai,superseded,restricted,needs_owner_mapping,d for current processing by the owner's Government and Corporate,,none,medium,Proposed canonical placement based on authority layer and record type.,0.74,yes
docs/EXECUTIVE_SNAPSHOT_2026-06-17.md,docs/governance/EXECUTIVE_SNAPSHOT_2026-06-17.md,EXECUTIVE_SNAPSHOT_2026-06-17.md,operating_model,sentinel_ai,superseded,internal,docs/SENTINEL_STEERING_DOCUMENT_CANCELLATION_AND_AUTHORITY_LAYER_DIRECTION_2026-06-18.md,,,none,medium,Proposed canonical placement based on authority layer and record type.,0.74,yes
docs/EXECUTIVE_SNAPSHOT_CURRENT_2026-05-31.md,docs/governance/EXECUTIVE_SNAPSHOT_CURRENT_2026-05-31.md,EXECUTIVE_SNAPSHOT_CURRENT_2026-05-31.md,operating_model,sentinel_ai,review_held,public,needs_owner_mapping,,,none,medium,Proposed canonical placement based on authority layer and record type.,0.74,yes
docs/EXECUTIVE_SNAPSHOT_REFRESH_AFTER_SCOPE_DECISION_2026-05-29.md,docs/governance/EXECUTIVE_SNAPSHOT_REFRESH_AFTER_SCOPE_DECISION_2026-05-29.md,EXECUTIVE_SNAPSHOT_REFRESH_AFTER_SCOPE_DECISION_2026-05-29.md,operating_model,sentinel_ai,review_held,public,needs_owner_mapping,,,none,medium,Proposed canonical placement based on authority layer and record type.,0.74,yes
docs/EXECUTIVE_TASK_LINEUP_2026-05-07.md,docs/governance/EXECUTIVE_TASK_LINEUP_2026-05-07.md,EXECUTIVE_TASK_LINEUP_2026-05-07.md,doctrine,sentinel_ai,review_held,protected,needs_owner_mapping,,,none,medium,Proposed canonical placement based on authority layer and record type.,0.74,yes
docs/EXECUTIVE_TEMPLATE_APPROVAL_HOLD_2026-05-31.md,docs/governance/EXECUTIVE_TEMPLATE_APPROVAL_HOLD_2026-05-31.md,EXECUTIVE_TEMPLATE_APPROVAL_HOLD_2026-05-31.md,template,sentinel_ai,review_held,restricted,needs_owner_mapping,,,none,medium,Proposed canonical placement based on authority layer and record type.,0.74,yes
docs/EXECUTIVE_TEMPLATE_APPROVAL_PROCESS_RESULT_2026-05-31.md,docs/governance/EXECUTIVE_TEMPLATE_APPROVAL_PROCESS_RESULT_2026-05-31.md,EXECUTIVE_TEMPLATE_APPROVAL_PROCESS_RESULT_2026-05-31.md,template,sentinel_ai,review_held,restricted,needs_owner_mapping,,,none,medium,Proposed canonical placement based on authority layer and record type.,0.74,yes
docs/EXECUTIVE_TEMPLATE_SENTINEL_AI_APPROVAL_COMMAND_RESULT_2026-05-31.md,docs/governance/EXECUTIVE_TEMPLATE_SENTINEL_AI_APPROVAL_COMMAND_RESULT_2026-05-31.md,EXECUTIVE_TEMPLATE_SENTINEL_AI_APPROVAL_COMMAND_RESULT_2026-05-31.md,policy,sentinel_ai,review_held,restricted,needs_owner_mapping,,,none,medium,Proposed canonical placement based on authority layer and record type.,0.74,yes
docs/FACEPLANE_GAAS_DOCKING_DOCTRINE.md,docs/governance/FACEPLANE_GAAS_DOCKING_DOCTRINE.md,FACEPLANE_GAAS_DOCKING_DOCTRINE.md,doctrine,sentinel_ai,active_supporting,internal,needs_owner_mapping,,,none,medium,Proposed canonical placement based on authority layer and record type.,0.74,yes
docs/FACEPLANE_SDK_SPEC.md,docs/governance/FACEPLANE_SDK_SPEC.md,FACEPLANE_SDK_SPEC.md,policy,sentinel_os,active_supporting,restricted,needs_owner_mapping,,,none,medium,Proposed canonical placement based on authority layer and record type.,0.74,yes
docs/FIRST_GOVERNMENT_OUTCOME_INTAKE_INPUT_PROCESSING_RESULT_2026-06-12.md,docs/governance/FIRST_GOVERNMENT_OUTCOME_INTAKE_INPUT_PROCESSING_RESULT_2026-06-12.md,FIRST_GOVERNMENT_OUTCOME_INTAKE_INPUT_PROCESSING_RESULT_2026-06-12.md,evidence,sentinel_ai,review_held,public,needs_owner_mapping,,,none,medium,Proposed canonical placement based on authority layer and record type.,0.74,yes
docs/FIRST_GOVERNMENT_OUTCOME_INTAKE_SCOPE_AUTHORIZATION_RESULT_2026-06-12.md,docs/governance/FIRST_GOVERNMENT_OUTCOME_INTAKE_SCOPE_AUTHORIZATION_RESULT_2026-06-12.md,FIRST_GOVERNMENT_OUTCOME_INTAKE_SCOPE_AUTHORIZATION_RESULT_2026-06-12.md,evidence,sentinel_ai,unresolved,public,needs_owner_mapping,,,none,medium,Proposed canonical placement based on authority layer and record type.,0.74,yes
docs/FIXTURE_ONLY_AUTHORITY_RECEIPT_PROOF_IMPLEMENTATION_MANIFEST_2026-06-19.md,docs/governance/FIXTURE_ONLY_AUTHORITY_RECEIPT_PROOF_IMPLEMENTATION_MANIFEST_2026-06-19.md,FIXTURE_ONLY_AUTHORITY_RECEIPT_PROOF_IMPLEMENTATION_MANIFEST_2026-06-19.md,policy,sentinel_ai,review_held,held,needs_owner_mapping,,,none,medium,Proposed canonical placement based on authority layer and record type.,0.74,yes
docs/FIXTURE_ONLY_AUTHORITY_RECEIPT_PROOF_IMPLEMENTATION_MANIFEST_REVIEW_RESULT_2026-06-19.md,docs/governance/FIXTURE_ONLY_AUTHORITY_RECEIPT_PROOF_IMPLEMENTATION_MANIFEST_REVIEW_RESULT_2026-06-19.md,FIXTURE_ONLY_AUTHORITY_RECEIPT_PROOF_IMPLEMENTATION_MANIFEST_REVIEW_RESULT_2026-06-19.md,approval_result,sentinel_ai,review_held,held,needs_owner_mapping,,,none,medium,Proposed canonical placement based on authority layer and record type.,0.74,yes
docs/FIXTURE_ONLY_SENTINEL_NEXUS_BHINDI_VAULT_POC_IMPLEMENTATION_RESULT_2026-06-17.md,docs/governance/FIXTURE_ONLY_SENTINEL_NEXUS_BHINDI_VAULT_POC_IMPLEMENTATION_RESULT_2026-06-17.md,FIXTURE_ONLY_SENTINEL_NEXUS_BHINDI_VAULT_POC_IMPLEMENTATION_RESULT_2026-06-17.md,policy,sentinel_ai,active_supporting,internal,needs_owner_mapping,,,none,medium,Proposed canonical placement based on authority layer and record type.,0.74,yes
docs/FRESH_PROOF_RERUN_BEFORE_SHARE_2026-05-29.md,docs/governance/FRESH_PROOF_RERUN_BEFORE_SHARE_2026-05-29.md,FRESH_PROOF_RERUN_BEFORE_SHARE_2026-05-29.md,approval_result,sentinel_ai,review_held,public,needs_owner_mapping,,,none,medium,Proposed canonical placement based on authority layer and record type.,0.74,yes
docs/FRESH_PROOF_RERUN_BEFORE_SHARE_2026-05-31.md,docs/governance/FRESH_PROOF_RERUN_BEFORE_SHARE_2026-05-31.md,FRESH_PROOF_RERUN_BEFORE_SHARE_2026-05-31.md,approval_result,sentinel_ai,active_supporting,public,needs_owner_mapping,,,none,medium,Proposed canonical placement based on authority layer and record type.,0.74,yes
docs/FRESH_PROOF_RERUN_RESULT_2026-06-01.md,docs/governance/FRESH_PROOF_RERUN_RESULT_2026-06-01.md,FRESH_PROOF_RERUN_RESULT_2026-06-01.md,approval_result,sentinel_ai,archive_candidate,public,needs_owner_mapping,,,none,medium,Proposed canonical placement based on authority layer and record type.,0.74,yes
docs/FRIDAY_DAILY_EXECUTIVE_CADENCE_2026-06-19.md,docs/governance/FRIDAY_DAILY_EXECUTIVE_CADENCE_2026-06-19.md,FRIDAY_DAILY_EXECUTIVE_CADENCE_2026-06-19.md,operating_model,sentinel_ai,review_held,restricted,needs_owner_mapping,,,none,medium,Proposed canonical placement based on authority layer and record type.,0.74,yes
docs/FRIDAY_DAILY_EXECUTIVE_CADENCE_CLOSEOUT_2026-06-12.md,docs/governance/FRIDAY_DAILY_EXECUTIVE_CADENCE_CLOSEOUT_2026-06-12.md,FRIDAY_DAILY_EXECUTIVE_CADENCE_CLOSEOUT_2026-06-12.md,operating_model,sentinel_ai,review_held,restricted,needs_owner_mapping,,,none,medium,Proposed canonical placement based on authority layer and record type.,0.74,yes
docs/FRIDAY_WEEKLY_EXECUTIVE_CADENCE_2026-06-19.md,docs/governance/FRIDAY_WEEKLY_EXECUTIVE_CADENCE_2026-06-19.md,FRIDAY_WEEKLY_EXECUTIVE_CADENCE_2026-06-19.md,template,sentinel_ai,review_held,restricted,needs_owner_mapping,,,none,medium,Proposed canonical placement based on authority layer and record type.,0.74,yes
docs/FRIDAY_WEEKLY_EXECUTIVE_CADENCE_CLOSEOUT_2026-06-12.md,docs/governance/FRIDAY_WEEKLY_EXECUTIVE_CADENCE_CLOSEOUT_2026-06-12.md,FRIDAY_WEEKLY_EXECUTIVE_CADENCE_CLOSEOUT_2026-06-12.md,operating_model,sentinel_ai,review_held,public,docs/RECORD_CLASSIFICATION_DIRECTIVE_RECONCILIATION_2026-06-12.md,,,none,medium,Proposed canonical placement based on authority layer and record type.,0.74,yes
docs/GBP/AI-Docking-and-Control-Surface.md,docs/GBP/AI-Docking-and-Control-Surface.md,AI-Docking-and-Control-Surface.md,doctrine,GBP,active_supporting,public,docs/NUNN_CORPORATION_MASTER_OPERATING_BINDER_2026-06-15.md,,,none,low,Already aligned with canonical placement intent.,0.90,no
docs/GBP/Deployment-Profile-State.md,docs/GBP/Deployment-Profile-State.md,Deployment-Profile-State.md,policy,MOB,active_supporting,internal,needs_owner_mapping,,,none,low,Already aligned with canonical placement intent.,0.90,no
docs/GBP/Deployment-Profile-Template.md,docs/GBP/Deployment-Profile-Template.md,Deployment-Profile-Template.md,policy,MOB,active_supporting,internal,needs_owner_mapping,,,none,low,Already aligned with canonical placement intent.,0.90,no
docs/GBP/GBP-Alignment-Working-Plan.md,docs/GBP/GBP-Alignment-Working-Plan.md,GBP-Alignment-Working-Plan.md,doctrine,MOB,active_supporting,public,docs/NUNN_CORPORATION_MASTER_OPERATING_BINDER_2026-06-15.md,,,none,low,Already aligned with canonical placement intent.,0.90,no
docs/GBP/Government-Deployment-Blueprint.md,docs/GBP/Government-Deployment-Blueprint.md,Government-Deployment-Blueprint.md,doctrine,MOB,active_supporting,public,needs_owner_mapping,,,none,low,Already aligned with canonical placement intent.,0.90,no
docs/GBP/Mission-Readiness-Index.md,docs/GBP/Mission-Readiness-Index.md,Mission-Readiness-Index.md,approval_result,GBP,review_held,held,needs_owner_mapping,,,none,low,Already aligned with canonical placement intent.,0.90,no
docs/GBP/Phase-3-Outcome-Engines.md,docs/GBP/Phase-3-Outcome-Engines.md,Phase-3-Outcome-Engines.md,doctrine,MOB,review_held,held,needs_owner_mapping,,,none,low,Already aligned with canonical placement intent.,0.90,no
docs/GBP/Phase-4-Deployment-Profiles.md,docs/GBP/Phase-4-Deployment-Profiles.md,Phase-4-Deployment-Profiles.md,doctrine,MOB,review_held,protected,needs_owner_mapping,,,none,low,Already aligned with canonical placement intent.,0.90,no
docs/GBP/Phase-4-Deployment-Profiles.release-draft.md,docs/GBP/Phase-4-Deployment-Profiles.release-draft.md,Phase-4-Deployment-Profiles.release-draft.md,policy,MOB,review_held,restricted,needs_owner_mapping,,,none,low,Already aligned with canonical placement intent.,0.90,no
docs/GITHUB_ACTIONS_SENTINELOS_REPAIR_REPORT_2026-05-08.md,docs/governance/GITHUB_ACTIONS_SENTINELOS_REPAIR_REPORT_2026-05-08.md,GITHUB_ACTIONS_SENTINELOS_REPAIR_REPORT_2026-05-08.md,policy,sentinel_ai,review_held,public,needs_owner_mapping,,,none,medium,Proposed canonical placement based on authority layer and record type.,0.74,yes
docs/GOVERNANCE_COMPLIANCE_EVIDENCE_INDEX_2026-06-14.md,docs/governance/GOVERNANCE_COMPLIANCE_EVIDENCE_INDEX_2026-06-14.md,GOVERNANCE_COMPLIANCE_EVIDENCE_INDEX_2026-06-14.md,policy,sentinel_ai,review_held,public,docs/RECORD_CLASSIFICATION_DIRECTIVE_RECONCILIATION_2026-06-12.md,,,none,medium,Proposed canonical placement based on authority layer and record type.,0.74,yes
docs/GOVERNANCE_COMPLIANCE_SETTLEMENT_PACKET_2026-06-14.md,docs/governance/GOVERNANCE_COMPLIANCE_SETTLEMENT_PACKET_2026-06-14.md,GOVERNANCE_COMPLIANCE_SETTLEMENT_PACKET_2026-06-14.md,policy,sentinel_ai,review_held,restricted,docs/SENTINEL_AI_RECORD_CLASSIFICATION_AND_ACCESS_SEGREGATION_POLICY_2026-06-12.md,,,none,medium,Proposed canonical placement based on authority layer and record type.,0.74,yes
docs/GOVERNANCE_PREFLIGHT.md,docs/governance/GOVERNANCE_PREFLIGHT.md,GOVERNANCE_PREFLIGHT.md,policy,sentinel_ai,canonical_active,restricted,needs_owner_mapping,,,none,medium,Proposed canonical placement based on authority layer and record type.,0.74,yes
docs/GOVERNED_BLOCK_DEMO_MOMENT.md,docs/governance/GOVERNED_BLOCK_DEMO_MOMENT.md,GOVERNED_BLOCK_DEMO_MOMENT.md,operating_model,sentinel_ai,active_supporting,public,needs_owner_mapping,,,none,high,Proposed canonical placement based on authority layer and record type.,0.74,yes
docs/GOVERNED_TELEMETRY_HARMONIZER.md,docs/governance/GOVERNED_TELEMETRY_HARMONIZER.md,GOVERNED_TELEMETRY_HARMONIZER.md,policy,runtime,active_supporting,public,needs_owner_mapping,,,none,medium,Proposed canonical placement based on authority layer and record type.,0.74,yes
docs/GOVERNMENT_OUTCOME_OPERATING_SYSTEM_REVIEW_PACKET_2026-06-12.md,docs/governance/GOVERNMENT_OUTCOME_OPERATING_SYSTEM_REVIEW_PACKET_2026-06-12.md,GOVERNMENT_OUTCOME_OPERATING_SYSTEM_REVIEW_PACKET_2026-06-12.md,policy,sentinel_ai,review_held,public,needs_owner_mapping,,,none,medium,Proposed canonical placement based on authority layer and record type.,0.74,yes
docs/GOVERNMENT_OUTCOME_OWNER_ADDITIONS_RESULT_2026-06-12.md,docs/governance/GOVERNMENT_OUTCOME_OWNER_ADDITIONS_RESULT_2026-06-12.md,GOVERNMENT_OUTCOME_OWNER_ADDITIONS_RESULT_2026-06-12.md,policy,sentinel_ai,active_supporting,internal,needs_owner_mapping,,,none,medium,Proposed canonical placement based on authority layer and record type.,0.74,yes
docs/GOVERNMENT_POSITIONING.md,docs/governance/GOVERNMENT_POSITIONING.md,GOVERNMENT_POSITIONING.md,approval_result,sentinel_ai,active_supporting,restricted,needs_owner_mapping,,,none,medium,Proposed canonical placement based on authority layer and record type.,0.74,yes
docs/GO_TO_MARKET.md,docs/governance/GO_TO_MARKET.md,GO_TO_MARKET.md,template,sentinel_ai,canonical_active,internal,needs_owner_mapping,,,none,medium,Proposed canonical placement based on authority layer and record type.,0.74,yes
docs/H1_GOVERNANCE_CLOSEOUT_AND_OWNER_DECISION_2026-06-30.md,docs/governance/H1_GOVERNANCE_CLOSEOUT_AND_OWNER_DECISION_2026-06-30.md,H1_GOVERNANCE_CLOSEOUT_AND_OWNER_DECISION_2026-06-30.md,evidence,sentinel_ai,review_held,held,needs_owner_mapping,,,none,medium,Proposed canonical placement based on authority layer and record type.,0.74,yes
docs/H1_OWNERFI_PROOF_HEALTH_VALIDATION_RESULT_2026-06-30.md,docs/governance/H1_OWNERFI_PROOF_HEALTH_VALIDATION_RESULT_2026-06-30.md,H1_OWNERFI_PROOF_HEALTH_VALIDATION_RESULT_2026-06-30.md,approval_result,sentinel_ai,review_held,held,needs_owner_mapping,,,none,medium,Proposed canonical placement based on authority layer and record type.,0.74,yes
docs/HERGLASS_FACEPLANE_PLAN.md,docs/governance/HERGLASS_FACEPLANE_PLAN.md,HERGLASS_FACEPLANE_PLAN.md,evidence,sentinel_ai,archive_candidate,internal,needs_owner_mapping,,,none,medium,Proposed canonical placement based on authority layer and record type.,0.74,yes
docs/HOLD_AND_OBSERVE_CLOSEOUT_2026-05-29.md,docs/governance/HOLD_AND_OBSERVE_CLOSEOUT_2026-05-29.md,HOLD_AND_OBSERVE_CLOSEOUT_2026-05-29.md,archive_candidate,sentinel_ai,review_held,public,needs_owner_mapping,,,none,medium,Proposed canonical placement based on authority layer and record type.,0.74,yes
docs/INVARIANTS.md,docs/governance/INVARIANTS.md,INVARIANTS.md,approval_result,sentinel_ai,archive_candidate,public,needs_owner_mapping,,,none,medium,Proposed canonical placement based on authority layer and record type.,0.74,yes
docs/JULY_01_CADENCE_INDEX_2026-07-01.md,docs/GBP/assessments/JULY_01_CADENCE_INDEX_2026-07-01.md,JULY_01_CADENCE_INDEX_2026-07-01.md,operating_model,MOB,active_supporting,public,docs/NUNN_CORPORATION_MASTER_OPERATING_BINDER_2026-06-15.md,,,none,medium,Proposed canonical placement based on authority layer and record type.,0.74,yes
docs/JULY_01_DAILY_EXECUTIVE_CADENCE_2026-07-01.md,docs/GBP/doctrine/JULY_01_DAILY_EXECUTIVE_CADENCE_2026-07-01.md,JULY_01_DAILY_EXECUTIVE_CADENCE_2026-07-01.md,doctrine,MOB,active_supporting,public,docs/NUNN_CORPORATION_MASTER_OPERATING_BINDER_2026-06-15.md,,,none,medium,Proposed canonical placement based on authority layer and record type.,0.74,yes
docs/JULY_01_WEEKLY_EXECUTIVE_CADENCE_START_2026-07-01.md,docs/GBP/assessments/JULY_01_WEEKLY_EXECUTIVE_CADENCE_START_2026-07-01.md,JULY_01_WEEKLY_EXECUTIVE_CADENCE_START_2026-07-01.md,operating_model,MOB,review_held,public,docs/NUNN_CORPORATION_MASTER_OPERATING_BINDER_2026-06-15.md,,,none,medium,Proposed canonical placement based on authority layer and record type.,0.74,yes
docs/JULY_03_CADENCE_INDEX_2026-07-03.md,docs/governance/JULY_03_CADENCE_INDEX_2026-07-03.md,JULY_03_CADENCE_INDEX_2026-07-03.md,operating_model,sentinel_ai,historical,public,docs/JULY_03_MASTER_OPERATING_BLUEPRINT_OVERLAY_2026-07-03.md,,,none,medium,Proposed canonical placement based on authority layer and record type.,0.74,yes
docs/JULY_03_DAILY_EXECUTIVE_CADENCE_2026-07-03.md,docs/governance/JULY_03_DAILY_EXECUTIVE_CADENCE_2026-07-03.md,JULY_03_DAILY_EXECUTIVE_CADENCE_2026-07-03.md,operating_model,sentinel_ai,active_supporting,protected,needs_owner_mapping,,,none,medium,Proposed canonical placement based on authority layer and record type.,0.74,yes
docs/JULY_03_EXECUTIVE_TEMPLATE_PACKET_PROCESSING_RESULT_2026-07-03.md,docs/governance/JULY_03_EXECUTIVE_TEMPLATE_PACKET_PROCESSING_RESULT_2026-07-03.md,JULY_03_EXECUTIVE_TEMPLATE_PACKET_PROCESSING_RESULT_2026-07-03.md,operating_model,sentinel_ai,historical,restricted,needs_owner_mapping,,,none,medium,Proposed canonical placement based on authority layer and record type.,0.74,yes
docs/JULY_03_MASTER_OPERATING_BLUEPRINT_OVERLAY_2026-07-03.md,docs/GBP/doctrine/JULY_03_MASTER_OPERATING_BLUEPRINT_OVERLAY_2026-07-03.md,JULY_03_MASTER_OPERATING_BLUEPRINT_OVERLAY_2026-07-03.md,policy,MOB,canonical_active,restricted,docs/NUNN_CORPORATION_MASTER_OPERATING_BINDER_2026-06-15.md,,,none,medium,Proposed canonical placement based on authority layer and record type.,0.74,yes
docs/JULY_03_NEXT_ACTIONS_HOLDING_RESULT_2026-07-03.md,docs/governance/JULY_03_NEXT_ACTIONS_HOLDING_RESULT_2026-07-03.md,JULY_03_NEXT_ACTIONS_HOLDING_RESULT_2026-07-03.md,policy,sentinel_ai,review_held,protected,needs_owner_mapping,,,none,medium,Proposed canonical placement based on authority layer and record type.,0.74,yes
docs/JULY_03_OPERATING_SEQUENCE_COMPLETION_RESULT_2026-07-03.md,docs/GBP/assessments/JULY_03_OPERATING_SEQUENCE_COMPLETION_RESULT_2026-07-03.md,JULY_03_OPERATING_SEQUENCE_COMPLETION_RESULT_2026-07-03.md,operating_model,MOB,active_supporting,restricted,needs_owner_mapping,,,none,medium,Proposed canonical placement based on authority layer and record type.,0.74,yes
docs/JULY_03_WEEKLY_CADENCE_CLOSEOUT_2026-07-03.md,docs/GBP/assessments/JULY_03_WEEKLY_CADENCE_CLOSEOUT_2026-07-03.md,JULY_03_WEEKLY_CADENCE_CLOSEOUT_2026-07-03.md,operating_model,MOB,review_held,public,docs/NUNN_CORPORATION_MASTER_OPERATING_BINDER_2026-06-15.md,,,none,medium,Proposed canonical placement based on authority layer and record type.,0.74,yes
docs/JULY_04_HOLIDAY_SHUTDOWN_HOLD_2026-07-04.md,docs/governance/JULY_04_HOLIDAY_SHUTDOWN_HOLD_2026-07-04.md,JULY_04_HOLIDAY_SHUTDOWN_HOLD_2026-07-04.md,cadence,sentinel_ai,review_held,public,needs_owner_mapping,,,none,medium,Proposed canonical placement based on authority layer and record type.,0.74,yes
docs/JULY_05_CADENCE_INDEX_2026-07-05.md,docs/GBP/assessments/JULY_05_CADENCE_INDEX_2026-07-05.md,JULY_05_CADENCE_INDEX_2026-07-05.md,operating_model,MOB,superseded,public,docs/NUNN_CORPORATION_MASTER_OPERATING_BINDER_2026-06-15.md,d by Sunday cadence view for current queueing |,Sunday cadence view for current queueing |,none,medium,Proposed canonical placement based on authority layer and record type.,0.74,yes
docs/JULY_05_DAILY_AND_WEEKLY_CADENCE_CLOSEOUT_2026-07-05.md,docs/GBP/assessments/JULY_05_DAILY_AND_WEEKLY_CADENCE_CLOSEOUT_2026-07-05.md,JULY_05_DAILY_AND_WEEKLY_CADENCE_CLOSEOUT_2026-07-05.md,operating_model,MOB,review_held,public,docs/NUNN_CORPORATION_MASTER_OPERATING_BINDER_2026-06-15.md,,,none,medium,Proposed canonical placement based on authority layer and record type.,0.74,yes
docs/JULY_05_EXECUTIVE_MOB_BOARD_COMPARISON_2026-07-05.md,docs/GBP/assessments/JULY_05_EXECUTIVE_MOB_BOARD_COMPARISON_2026-07-05.md,JULY_05_EXECUTIVE_MOB_BOARD_COMPARISON_2026-07-05.md,operating_model,MOB,review_held,public,docs/NUNN_CORPORATION_MASTER_OPERATING_BINDER_2026-06-15.md,,,none,medium,Proposed canonical placement based on authority layer and record type.,0.74,yes
docs/JULY_05_MOB_DRIFT_REPORT_2026-07-05.md,docs/GBP/assessments/JULY_05_MOB_DRIFT_REPORT_2026-07-05.md,JULY_05_MOB_DRIFT_REPORT_2026-07-05.md,operating_model,MOB,review_held,public,docs/NUNN_CORPORATION_MASTER_OPERATING_BINDER_2026-06-15.md,,,none,medium,Proposed canonical placement based on authority layer and record type.,0.74,yes
docs/JULY_MONTHLY_OPERATING_BRIEF_2026-07-01.md,docs/GBP/doctrine/JULY_MONTHLY_OPERATING_BRIEF_2026-07-01.md,JULY_MONTHLY_OPERATING_BRIEF_2026-07-01.md,doctrine,MOB,canonical_active,public,docs/NUNN_CORPORATION_MASTER_OPERATING_BINDER_2026-06-15.md,,,none,medium,Proposed canonical placement based on authority layer and record type.,0.74,yes
docs/JULY_MONTHLY_OPERATING_CADENCE_START_2026-07-01.md,docs/GBP/assessments/JULY_MONTHLY_OPERATING_CADENCE_START_2026-07-01.md,JULY_MONTHLY_OPERATING_CADENCE_START_2026-07-01.md,operating_model,MOB,active_supporting,public,docs/NUNN_CORPORATION_MASTER_OPERATING_BINDER_2026-06-15.md,,,none,medium,Proposed canonical placement based on authority layer and record type.,0.74,yes
docs/JULY_PRIORITY_QUEUE_DEEP_DIVE_DECISION_PACKETS_2026-06-30.md,docs/GBP/assessments/JULY_PRIORITY_QUEUE_DEEP_DIVE_DECISION_PACKETS_2026-06-30.md,JULY_PRIORITY_QUEUE_DEEP_DIVE_DECISION_PACKETS_2026-06-30.md,operating_model,MOB,review_held,held,docs/NUNN_CORPORATION_MASTER_OPERATING_BINDER_2026-06-15.md,,,none,medium,Proposed canonical placement based on authority layer and record type.,0.74,yes
docs/JULY_PRIORITY_QUEUE_READINESS_PACKET_2026-06-30.md,docs/GBP/assessments/JULY_PRIORITY_QUEUE_READINESS_PACKET_2026-06-30.md,JULY_PRIORITY_QUEUE_READINESS_PACKET_2026-06-30.md,operating_model,MOB,review_held,held,docs/NUNN_CORPORATION_MASTER_OPERATING_BINDER_2026-06-15.md,,,none,medium,Proposed canonical placement based on authority layer and record type.,0.74,yes
docs/JULY_PRIORITY_QUEUE_READINESS_PROCESSING_RESULT_2026-06-30.md,docs/GBP/assessments/JULY_PRIORITY_QUEUE_READINESS_PROCESSING_RESULT_2026-06-30.md,JULY_PRIORITY_QUEUE_READINESS_PROCESSING_RESULT_2026-06-30.md,operating_model,MOB,review_held,held,docs/NUNN_CORPORATION_MASTER_OPERATING_BINDER_2026-06-15.md,,,none,medium,Proposed canonical placement based on authority layer and record type.,0.74,yes
docs/JULY_QUEUE_ORDER_AND_FIRST_ACTION_APPROVAL_RESULT_2026-06-30.md,docs/governance/JULY_QUEUE_ORDER_AND_FIRST_ACTION_APPROVAL_RESULT_2026-06-30.md,JULY_QUEUE_ORDER_AND_FIRST_ACTION_APPROVAL_RESULT_2026-06-30.md,approval_result,sentinel_ai,active_supporting,internal,needs_owner_mapping,,,none,medium,Proposed canonical placement based on authority layer and record type.,0.74,yes
docs/JUNE_30_CURRENT_TRUTH_REESTABLISHMENT_2026-06-30.md,docs/governance/JUNE_30_CURRENT_TRUTH_REESTABLISHMENT_2026-06-30.md,JUNE_30_CURRENT_TRUTH_REESTABLISHMENT_2026-06-30.md,operating_model,sentinel_ai,active_supporting,public,needs_owner_mapping,,,none,medium,Proposed canonical placement based on authority layer and record type.,0.74,yes
docs/JUNE_30_DAILY_CLOSEOUT_AND_TOMORROW_START_2026-06-30.md,docs/governance/JUNE_30_DAILY_CLOSEOUT_AND_TOMORROW_START_2026-06-30.md,JUNE_30_DAILY_CLOSEOUT_AND_TOMORROW_START_2026-06-30.md,cadence,sentinel_ai,active_supporting,internal,needs_owner_mapping,,,none,medium,Proposed canonical placement based on authority layer and record type.,0.74,yes
docs/JUNE_CLOSEOUT_AND_RUNTIME_ALIGNMENT_SCAN_2026-07-06.md,docs/GBP/doctrine/JUNE_CLOSEOUT_AND_RUNTIME_ALIGNMENT_SCAN_2026-07-06.md,JUNE_CLOSEOUT_AND_RUNTIME_ALIGNMENT_SCAN_2026-07-06.md,policy,MOB,review_held,public,docs/NUNN_CORPORATION_MASTER_OPERATING_BINDER_2026-06-15.md,,,none,medium,Proposed canonical placement based on authority layer and record type.,0.74,yes
docs/LIVE_PROOF_HEALTH_RETRY_RESULT_2026-06-30.md,docs/governance/LIVE_PROOF_HEALTH_RETRY_RESULT_2026-06-30.md,LIVE_PROOF_HEALTH_RETRY_RESULT_2026-06-30.md,operating_model,sentinel_ai,archive_candidate,internal,needs_owner_mapping,,,none,medium,Proposed canonical placement based on authority layer and record type.,0.74,yes
docs/LIVE_PROOF_HEALTH_VERIFICATION_RESULT_2026-06-30.md,docs/governance/LIVE_PROOF_HEALTH_VERIFICATION_RESULT_2026-06-30.md,LIVE_PROOF_HEALTH_VERIFICATION_RESULT_2026-06-30.md,review_result,sentinel_ai,review_held,public,needs_owner_mapping,,,none,medium,Proposed canonical placement based on authority layer and record type.,0.74,yes
docs/LOCAL_SENTINEL_AI_GOVERNANCE_CONTINUITY_RESULT_2026-07-03.md,docs/governance/LOCAL_SENTINEL_AI_GOVERNANCE_CONTINUITY_RESULT_2026-07-03.md,LOCAL_SENTINEL_AI_GOVERNANCE_CONTINUITY_RESULT_2026-07-03.md,policy,sentinel_ai,review_held,protected,needs_owner_mapping,,,none,medium,Proposed canonical placement based on authority layer and record type.,0.74,yes
docs/LOCAL_SENTINEL_AI_NEXT_STEPS_PROCESSING_AND_QUALITY_EVALUATION_2026-07-03.md,docs/governance/LOCAL_SENTINEL_AI_NEXT_STEPS_PROCESSING_AND_QUALITY_EVALUATION_2026-07-03.md,LOCAL_SENTINEL_AI_NEXT_STEPS_PROCESSING_AND_QUALITY_EVALUATION_2026-07-03.md,policy,sentinel_ai,historical,public,needs_owner_mapping,,,none,medium,Proposed canonical placement based on authority layer and record type.,0.74,yes
docs/LOCAL_SENTINEL_DOCKING_ASSET_CLASSIFICATION_RESULT_2026-07-03.md,docs/governance/LOCAL_SENTINEL_DOCKING_ASSET_CLASSIFICATION_RESULT_2026-07-03.md,LOCAL_SENTINEL_DOCKING_ASSET_CLASSIFICATION_RESULT_2026-07-03.md,policy,sentinel_ai,review_held,public,needs_owner_mapping,,,none,medium,Proposed canonical placement based on authority layer and record type.,0.74,yes
docs/LOCAL_SENTINEL_LIGHT_QUANTITATIVE_NEXT_STEPS_RESULT_2026-07-03.md,docs/governance/LOCAL_SENTINEL_LIGHT_QUANTITATIVE_NEXT_STEPS_RESULT_2026-07-03.md,LOCAL_SENTINEL_LIGHT_QUANTITATIVE_NEXT_STEPS_RESULT_2026-07-03.md,policy,sentinel_ai,review_held,public,needs_owner_mapping,,,none,medium,Proposed canonical placement based on authority layer and record type.,0.74,yes
docs/MAIN_ENTITY_INQUIRY_PORTAL_ACTIVATION_REVIEW_2026-06-18.md,docs/governance/MAIN_ENTITY_INQUIRY_PORTAL_ACTIVATION_REVIEW_2026-06-18.md,MAIN_ENTITY_INQUIRY_PORTAL_ACTIVATION_REVIEW_2026-06-18.md,operating_model,sentinel_ai,review_held,public,needs_owner_mapping,,,none,medium,Proposed canonical placement based on authority layer and record type.,0.74,yes
docs/MAIN_ENTITY_INQUIRY_PORTAL_ACTIVATION_REVIEW_RESULT_2026-06-18.md,docs/governance/MAIN_ENTITY_INQUIRY_PORTAL_ACTIVATION_REVIEW_RESULT_2026-06-18.md,MAIN_ENTITY_INQUIRY_PORTAL_ACTIVATION_REVIEW_RESULT_2026-06-18.md,approval_result,sentinel_ai,review_held,public,needs_owner_mapping,,,none,medium,Proposed canonical placement based on authority layer and record type.,0.74,yes
docs/MAIN_ENTITY_INQUIRY_PORTAL_REVIEW_RESULT_2026-06-15.md,docs/governance/MAIN_ENTITY_INQUIRY_PORTAL_REVIEW_RESULT_2026-06-15.md,MAIN_ENTITY_INQUIRY_PORTAL_REVIEW_RESULT_2026-06-15.md,cadence,sentinel_ai,active_supporting,public,needs_owner_mapping,,,none,medium,Proposed canonical placement based on authority layer and record type.,0.74,yes
docs/MICROSOFT_SENTINEL.md,docs/governance/MICROSOFT_SENTINEL.md,MICROSOFT_SENTINEL.md,template,sentinel_ai,active_supporting,restricted,needs_owner_mapping,,,none,high,Proposed canonical placement based on authority layer and record type.,0.74,yes
docs/MICROSOFT_SENTINEL_ALIGNMENT_PACKET_REVIEW_2026-05-30.md,docs/governance/MICROSOFT_SENTINEL_ALIGNMENT_PACKET_REVIEW_2026-05-30.md,MICROSOFT_SENTINEL_ALIGNMENT_PACKET_REVIEW_2026-05-30.md,operating_model,sentinel_ai,active_supporting,restricted,needs_owner_mapping,,,none,medium,Proposed canonical placement based on authority layer and record type.,0.74,yes
docs/MICROSOFT_SENTINEL_ANALYTICS_RULE_DESIGN_ONLY_REQUEST_2026-05-30.md,docs/governance/MICROSOFT_SENTINEL_ANALYTICS_RULE_DESIGN_ONLY_REQUEST_2026-05-30.md,MICROSOFT_SENTINEL_ANALYTICS_RULE_DESIGN_ONLY_REQUEST_2026-05-30.md,policy,sentinel_ai,review_held,public,needs_owner_mapping,,,none,medium,Proposed canonical placement based on authority layer and record type.,0.74,yes
docs/MICROSOFT_SENTINEL_APPROVED_SCOPE_AND_RECOMMENDATION_REVIEW_2026-05-31.md,docs/governance/MICROSOFT_SENTINEL_APPROVED_SCOPE_AND_RECOMMENDATION_REVIEW_2026-05-31.md,MICROSOFT_SENTINEL_APPROVED_SCOPE_AND_RECOMMENDATION_REVIEW_2026-05-31.md,operating_model,sentinel_ai,review_held,restricted,needs_owner_mapping,,,none,medium,Proposed canonical placement based on authority layer and record type.,0.74,yes
docs/MICROSOFT_SENTINEL_AUTONOMOUS_REVIEW_COMMAND_ENVELOPE_2026-05-30.md,docs/governance/MICROSOFT_SENTINEL_AUTONOMOUS_REVIEW_COMMAND_ENVELOPE_2026-05-30.md,MICROSOFT_SENTINEL_AUTONOMOUS_REVIEW_COMMAND_ENVELOPE_2026-05-30.md,template,sentinel_ai,review_held,held,needs_owner_mapping,,,none,medium,Proposed canonical placement based on authority layer and record type.,0.74,yes
docs/MICROSOFT_SENTINEL_AUTONOMOUS_REVIEW_RESULT_2026-05-30.md,docs/governance/MICROSOFT_SENTINEL_AUTONOMOUS_REVIEW_RESULT_2026-05-30.md,MICROSOFT_SENTINEL_AUTONOMOUS_REVIEW_RESULT_2026-05-30.md,review_result,sentinel_ai,active_supporting,restricted,needs_owner_mapping,,,none,medium,Proposed canonical placement based on authority layer and record type.,0.74,yes
docs/MICROSOFT_SENTINEL_DAILY_CADENCE_CLOSEOUT_2026-05-31.md,docs/governance/MICROSOFT_SENTINEL_DAILY_CADENCE_CLOSEOUT_2026-05-31.md,MICROSOFT_SENTINEL_DAILY_CADENCE_CLOSEOUT_2026-05-31.md,operating_model,sentinel_ai,review_held,restricted,needs_owner_mapping,,,none,medium,Proposed canonical placement based on authority layer and record type.,0.74,yes
docs/MICROSOFT_SENTINEL_DIAGNOSTIC_SETTINGS_IMPLEMENTATION_AUTHORITY_PACKET_2026-06-01.md,docs/governance/MICROSOFT_SENTINEL_DIAGNOSTIC_SETTINGS_IMPLEMENTATION_AUTHORITY_PACKET_2026-06-01.md,MICROSOFT_SENTINEL_DIAGNOSTIC_SETTINGS_IMPLEMENTATION_AUTHORITY_PACKET_2026-06-01.md,operating_model,sentinel_ai,review_held,held,needs_owner_mapping,,,none,medium,Proposed canonical placement based on authority layer and record type.,0.74,yes
docs/MICROSOFT_SENTINEL_HOLD_AND_OBSERVE_2026-05-30.md,docs/governance/MICROSOFT_SENTINEL_HOLD_AND_OBSERVE_2026-05-30.md,MICROSOFT_SENTINEL_HOLD_AND_OBSERVE_2026-05-30.md,evidence,sentinel_ai,review_held,restricted,needs_owner_mapping,,,none,medium,Proposed canonical placement based on authority layer and record type.,0.74,yes
docs/MICROSOFT_SENTINEL_IMPLEMENTATION_AUTHORITY_PACKET_2026-05-30.md,docs/governance/MICROSOFT_SENTINEL_IMPLEMENTATION_AUTHORITY_PACKET_2026-05-30.md,MICROSOFT_SENTINEL_IMPLEMENTATION_AUTHORITY_PACKET_2026-05-30.md,approval_result,sentinel_ai,review_held,restricted,needs_owner_mapping,,,none,medium,Proposed canonical placement based on authority layer and record type.,0.74,yes
docs/MICROSOFT_SENTINEL_MORNING_DECISION_POINTS_2026-05-30.md,docs/governance/MICROSOFT_SENTINEL_MORNING_DECISION_POINTS_2026-05-30.md,MICROSOFT_SENTINEL_MORNING_DECISION_POINTS_2026-05-30.md,operating_model,sentinel_ai,review_held,held,needs_owner_mapping,,,none,medium,Proposed canonical placement based on authority layer and record type.,0.74,yes
docs/MICROSOFT_SENTINEL_NEXT_DECISION_GATE_2026-05-30.md,docs/governance/MICROSOFT_SENTINEL_NEXT_DECISION_GATE_2026-05-30.md,MICROSOFT_SENTINEL_NEXT_DECISION_GATE_2026-05-30.md,approval_result,sentinel_ai,review_held,public,needs_owner_mapping,,,none,medium,Proposed canonical placement based on authority layer and record type.,0.74,yes
docs/MICROSOFT_SENTINEL_OBSERVABILITY_ALIGNMENT_REVIEW_2026-05-29.md,docs/governance/MICROSOFT_SENTINEL_OBSERVABILITY_ALIGNMENT_REVIEW_2026-05-29.md,MICROSOFT_SENTINEL_OBSERVABILITY_ALIGNMENT_REVIEW_2026-05-29.md,evidence,sentinel_ai,active_supporting,protected,needs_owner_mapping,,,none,medium,Proposed canonical placement based on authority layer and record type.,0.74,yes
docs/MICROSOFT_SENTINEL_OBSERVABILITY_SEQUENCE_REVIEW_2026-05-30.md,docs/governance/MICROSOFT_SENTINEL_OBSERVABILITY_SEQUENCE_REVIEW_2026-05-30.md,MICROSOFT_SENTINEL_OBSERVABILITY_SEQUENCE_REVIEW_2026-05-30.md,operating_model,sentinel_ai,review_held,held,needs_owner_mapping,,,none,medium,Proposed canonical placement based on authority layer and record type.,0.74,yes
docs/MICROSOFT_SENTINEL_OUTSTANDING_PRECONDITIONS_CLOSEOUT_2026-05-30.md,docs/governance/MICROSOFT_SENTINEL_OUTSTANDING_PRECONDITIONS_CLOSEOUT_2026-05-30.md,MICROSOFT_SENTINEL_OUTSTANDING_PRECONDITIONS_CLOSEOUT_2026-05-30.md,operating_model,sentinel_ai,review_held,held,needs_owner_mapping,,,none,medium,Proposed canonical placement based on authority layer and record type.,0.74,yes
docs/MICROSOFT_SENTINEL_PHASE1_ACCEPTANCE_PACKET_2026-05-29.md,docs/governance/MICROSOFT_SENTINEL_PHASE1_ACCEPTANCE_PACKET_2026-05-29.md,MICROSOFT_SENTINEL_PHASE1_ACCEPTANCE_PACKET_2026-05-29.md,evidence,sentinel_ai,review_held,restricted,needs_owner_mapping,,,none,medium,Proposed canonical placement based on authority layer and record type.,0.74,yes
docs/MICROSOFT_SENTINEL_PHASE1_ACCEPTANCE_REVIEW_2026-05-30.md,docs/governance/MICROSOFT_SENTINEL_PHASE1_ACCEPTANCE_REVIEW_2026-05-30.md,MICROSOFT_SENTINEL_PHASE1_ACCEPTANCE_REVIEW_2026-05-30.md,evidence,sentinel_ai,review_held,restricted,needs_owner_mapping,,,none,medium,Proposed canonical placement based on authority layer and record type.,0.74,yes
docs/MICROSOFT_SENTINEL_PLANNING_WAR_ROOM_SCAN_2026-05-30.md,docs/governance/MICROSOFT_SENTINEL_PLANNING_WAR_ROOM_SCAN_2026-05-30.md,MICROSOFT_SENTINEL_PLANNING_WAR_ROOM_SCAN_2026-05-30.md,operating_model,sentinel_ai,review_held,held,needs_owner_mapping,,,none,medium,Proposed canonical placement based on authority layer and record type.,0.74,yes
docs/MICROSOFT_SENTINEL_READ_ONLY_AZURE_DISCOVERY_RESULT_2026-05-30.md,docs/governance/MICROSOFT_SENTINEL_READ_ONLY_AZURE_DISCOVERY_RESULT_2026-05-30.md,MICROSOFT_SENTINEL_READ_ONLY_AZURE_DISCOVERY_RESULT_2026-05-30.md,approval_result,sentinel_ai,active_supporting,restricted,needs_owner_mapping,,,none,medium,Proposed canonical placement based on authority layer and record type.,0.74,yes
docs/MINIMUM_FIRST_GOVERNMENT_OUTCOME_IDENTITY_AND_OUTCOME_PROCESSING_RESULT_2026-06-18.md,docs/governance/MINIMUM_FIRST_GOVERNMENT_OUTCOME_IDENTITY_AND_OUTCOME_PROCESSING_RESULT_2026-06-18.md,MINIMUM_FIRST_GOVERNMENT_OUTCOME_IDENTITY_AND_OUTCOME_PROCESSING_RESULT_2026-06-18.md,operating_model,sentinel_ai,active_supporting,public,needs_owner_mapping,,,none,medium,Proposed canonical placement based on authority layer and record type.,0.74,yes
docs/MISSION_CONTROL_COCKPIT_CHECKIN_2026-07-02.md,docs/governance/MISSION_CONTROL_COCKPIT_CHECKIN_2026-07-02.md,MISSION_CONTROL_COCKPIT_CHECKIN_2026-07-02.md,evidence,sentinel_ai,active_supporting,protected,needs_owner_mapping,,,none,medium,Proposed canonical placement based on authority layer and record type.,0.74,yes
docs/MISSION_CONTROL_ROUTE_CLASSIFICATION_PUBLIC_PROTECTED_INTERNAL_HELD_2026-07-06.md,docs/governance/MISSION_CONTROL_ROUTE_CLASSIFICATION_PUBLIC_PROTECTED_INTERNAL_HELD_2026-07-06.md,MISSION_CONTROL_ROUTE_CLASSIFICATION_PUBLIC_PROTECTED_INTERNAL_HELD_2026-07-06.md,policy,sentinel_ai,active_supporting,protected,needs_owner_mapping,,,none,medium,Proposed canonical placement based on authority layer and record type.,0.74,yes
docs/MISSION_CONTROL_SECURITY_AND_PLATFORM_REVIEW_GATE_2026-07-06.md,docs/governance/MISSION_CONTROL_SECURITY_AND_PLATFORM_REVIEW_GATE_2026-07-06.md,MISSION_CONTROL_SECURITY_AND_PLATFORM_REVIEW_GATE_2026-07-06.md,review_result,sentinel_ai,active_supporting,restricted,needs_owner_mapping,,,none,medium,Proposed canonical placement based on authority layer and record type.,0.74,yes
docs/MISSION_CONTROL_SECURITY_AND_PLATFORM_REVIEW_RESULT_2026-07-06.md,docs/governance/MISSION_CONTROL_SECURITY_AND_PLATFORM_REVIEW_RESULT_2026-07-06.md,MISSION_CONTROL_SECURITY_AND_PLATFORM_REVIEW_RESULT_2026-07-06.md,approval_result,sentinel_ai,active_supporting,public,needs_owner_mapping,,,none,medium,Proposed canonical placement based on authority layer and record type.,0.74,yes
docs/MISSION_CONTROL_TO_SENTINEL_MAPPING_2026-05-29.md,docs/governance/MISSION_CONTROL_TO_SENTINEL_MAPPING_2026-05-29.md,MISSION_CONTROL_TO_SENTINEL_MAPPING_2026-05-29.md,evidence,sentinel_ai,active_supporting,public,needs_owner_mapping,,,none,medium,Proposed canonical placement based on authority layer and record type.,0.74,yes
docs/MOB_COMPLETION_QUEUE_REFRESH_OVERLAY_2026-07-05.md,docs/GBP/assessments/MOB_COMPLETION_QUEUE_REFRESH_OVERLAY_2026-07-05.md,MOB_COMPLETION_QUEUE_REFRESH_OVERLAY_2026-07-05.md,operating_model,MOB,review_held,public,docs/NUNN_CORPORATION_MASTER_OPERATING_BINDER_2026-06-15.md,,,none,medium,Proposed canonical placement based on authority layer and record type.,0.74,yes
docs/MOB_FIRST_MOVEMENT_PACKET_GATE_8_REGRESSION_PROOF_2026-07-05.md,docs/GBP/assessments/MOB_FIRST_MOVEMENT_PACKET_GATE_8_REGRESSION_PROOF_2026-07-05.md,MOB_FIRST_MOVEMENT_PACKET_GATE_8_REGRESSION_PROOF_2026-07-05.md,operating_model,MOB,review_held,public,docs/NUNN_CORPORATION_MASTER_OPERATING_BINDER_2026-06-15.md,,,none,medium,Proposed canonical placement based on authority layer and record type.,0.74,yes
docs/MOB_MOVEMENT_MAP_2026-07-05.md,docs/GBP/assessments/MOB_MOVEMENT_MAP_2026-07-05.md,MOB_MOVEMENT_MAP_2026-07-05.md,operating_model,MOB,historical,public,docs/NUNN_CORPORATION_MASTER_OPERATING_BINDER_2026-06-15.md,,,none,medium,Proposed canonical placement based on authority layer and record type.,0.74,yes
docs/MOB_MOVEMENT_QUEUE_PROCESSING_RESULT_2026-07-05.md,docs/GBP/assessments/MOB_MOVEMENT_QUEUE_PROCESSING_RESULT_2026-07-05.md,MOB_MOVEMENT_QUEUE_PROCESSING_RESULT_2026-07-05.md,operating_model,MOB,historical,public,docs/NUNN_CORPORATION_MASTER_OPERATING_BINDER_2026-06-15.md,,,none,medium,Proposed canonical placement based on authority layer and record type.,0.74,yes
docs/MOB_NEXT_STEPS_TEMPLATE_2026-07-05.md,docs/GBP/assessments/MOB_NEXT_STEPS_TEMPLATE_2026-07-05.md,MOB_NEXT_STEPS_TEMPLATE_2026-07-05.md,operating_model,MOB,review_held,public,docs/NUNN_CORPORATION_MASTER_OPERATING_BINDER_2026-06-15.md,,,none,medium,Proposed canonical placement based on authority layer and record type.,0.74,yes
docs/MOB_VERIFICATION_MATRIX_ADDENDUM_2026-07-05.md,docs/GBP/assessments/MOB_VERIFICATION_MATRIX_ADDENDUM_2026-07-05.md,MOB_VERIFICATION_MATRIX_ADDENDUM_2026-07-05.md,operating_model,MOB,active_supporting,public,docs/NUNN_CORPORATION_MASTER_OPERATING_BINDER_2026-06-15.md,,,none,medium,Proposed canonical placement based on authority layer and record type.,0.74,yes
docs/MONDAY_DAILY_EXECUTIVE_CADENCE_2026-06-15.md,docs/GBP/assessments/MONDAY_DAILY_EXECUTIVE_CADENCE_2026-06-15.md,MONDAY_DAILY_EXECUTIVE_CADENCE_2026-06-15.md,operating_model,MOB,review_held,restricted,docs/NUNN_CORPORATION_MASTER_OPERATING_BINDER_2026-06-15.md,,,none,medium,Proposed canonical placement based on authority layer and record type.,0.74,yes
docs/MONDAY_EXECUTIVE_ROUTING_UPDATE_2026-06-15.md,docs/governance/MONDAY_EXECUTIVE_ROUTING_UPDATE_2026-06-15.md,MONDAY_EXECUTIVE_ROUTING_UPDATE_2026-06-15.md,cadence,sentinel_ai,review_held,held,needs_owner_mapping,,,none,medium,Proposed canonical placement based on authority layer and record type.,0.74,yes
docs/MONDAY_INTERNAL_SUPPORT_DISBURSEMENT_PACKET_2026-06-15.md,docs/governance/MONDAY_INTERNAL_SUPPORT_DISBURSEMENT_PACKET_2026-06-15.md,MONDAY_INTERNAL_SUPPORT_DISBURSEMENT_PACKET_2026-06-15.md,operating_model,sentinel_ai,review_held,held,needs_owner_mapping,,,none,medium,Proposed canonical placement based on authority layer and record type.,0.74,yes
docs/MONDAY_WEEKLY_EXECUTIVE_CADENCE_START_2026-06-15.md,docs/GBP/assessments/MONDAY_WEEKLY_EXECUTIVE_CADENCE_START_2026-06-15.md,MONDAY_WEEKLY_EXECUTIVE_CADENCE_START_2026-06-15.md,operating_model,MOB,review_held,restricted,docs/NUNN_CORPORATION_MASTER_OPERATING_BINDER_2026-06-15.md,,,none,medium,Proposed canonical placement based on authority layer and record type.,0.74,yes
docs/NEXT_RUNTIME_UPGRADE_CANDIDATE_SELECTION_2026-07-06.md,docs/GBP/assessments/NEXT_RUNTIME_UPGRADE_CANDIDATE_SELECTION_2026-07-06.md,NEXT_RUNTIME_UPGRADE_CANDIDATE_SELECTION_2026-07-06.md,template,MOB,review_held,public,needs_owner_mapping,,,none,medium,Proposed canonical placement based on authority layer and record type.,0.74,yes
docs/NEXT_STEPS.md,docs/GBP/overlays/NEXT_STEPS.md,NEXT_STEPS.md,blueprint,MOB,review_held,public,docs/JULY_03_MASTER_OPERATING_BLUEPRINT_OVERLAY_2026-07-03.md,d by the,the,none,medium,Proposed canonical placement based on authority layer and record type.,0.74,yes
docs/NEXT_STEPS_1_4_PROCESSING_RESULT_2026-07-03.md,docs/governance/NEXT_STEPS_1_4_PROCESSING_RESULT_2026-07-03.md,NEXT_STEPS_1_4_PROCESSING_RESULT_2026-07-03.md,approval_result,sentinel_ai,review_held,public,needs_owner_mapping,,,none,medium,Proposed canonical placement based on authority layer and record type.,0.74,yes
docs/NEXT_STEPS_DEEP_DIVE_SUMMARIES_2026-07-03.md,docs/governance/NEXT_STEPS_DEEP_DIVE_SUMMARIES_2026-07-03.md,NEXT_STEPS_DEEP_DIVE_SUMMARIES_2026-07-03.md,approval_result,sentinel_ai,review_held,restricted,needs_owner_mapping,"d materials, and only then prepare an exact file movement",,none,medium,Proposed canonical placement based on authority layer and record type.,0.74,yes
docs/NEXT_STEPS_GATES_1_4_PROCESSING_RESULT_2026-07-03.md,docs/governance/NEXT_STEPS_GATES_1_4_PROCESSING_RESULT_2026-07-03.md,NEXT_STEPS_GATES_1_4_PROCESSING_RESULT_2026-07-03.md,evidence,sentinel_ai,historical,restricted,needs_owner_mapping,,,none,medium,Proposed canonical placement based on authority layer and record type.,0.74,yes
docs/NOTION_BRIEF_JUNE_SENTINELOS_PROGRESS_UPDATE_2026-06-18.md,docs/governance/NOTION_BRIEF_JUNE_SENTINELOS_PROGRESS_UPDATE_2026-06-18.md,NOTION_BRIEF_JUNE_SENTINELOS_PROGRESS_UPDATE_2026-06-18.md,policy,sentinel_ai,active_supporting,public,needs_owner_mapping,,,none,medium,Proposed canonical placement based on authority layer and record type.,0.74,yes
docs/NUMBERED_TODO_PROCESSING_RESULT_2026-06-19.md,docs/governance/NUMBERED_TODO_PROCESSING_RESULT_2026-06-19.md,NUMBERED_TODO_PROCESSING_RESULT_2026-06-19.md,template,sentinel_ai,unresolved,internal,needs_owner_mapping,,,none,medium,Proposed canonical placement based on authority layer and record type.,0.74,yes
docs/NUNNCORPORATION_PUBLIC_FRONT_DOOR_VERIFICATION_RESULT_2026-07-03.md,docs/governance/NUNNCORPORATION_PUBLIC_FRONT_DOOR_VERIFICATION_RESULT_2026-07-03.md,NUNNCORPORATION_PUBLIC_FRONT_DOOR_VERIFICATION_RESULT_2026-07-03.md,review_result,sentinel_ai,active_supporting,public,needs_owner_mapping,,,none,medium,Proposed canonical placement based on authority layer and record type.,0.74,yes
docs/NUNNCORP_MONO_CDNLUX_INVENTORY.md,docs/governance/NUNNCORP_MONO_CDNLUX_INVENTORY.md,NUNNCORP_MONO_CDNLUX_INVENTORY.md,archive_candidate,sentinel_os,canonical_active,internal,needs_owner_mapping,,,none,medium,Proposed canonical placement based on authority layer and record type.,0.74,yes
docs/NUNNCORP_SENTINELOS_ISSUE_SUPPORT_TRACKER_2026-06-14.md,docs/governance/NUNNCORP_SENTINELOS_ISSUE_SUPPORT_TRACKER_2026-06-14.md,NUNNCORP_SENTINELOS_ISSUE_SUPPORT_TRACKER_2026-06-14.md,policy,sentinel_ai,review_held,restricted,needs_owner_mapping,,,none,medium,Proposed canonical placement based on authority layer and record type.,0.74,yes
docs/NUNN_CLOUD_CONTROL_SURFACE_OPERATING_MODEL.md,docs/governance/NUNN_CLOUD_CONTROL_SURFACE_OPERATING_MODEL.md,NUNN_CLOUD_CONTROL_SURFACE_OPERATING_MODEL.md,policy,sentinel_os,canonical_active,internal,needs_owner_mapping,,,none,medium,Proposed canonical placement based on authority layer and record type.,0.74,yes
docs/NUNN_CORPORATION_MASTER_OPERATING_BINDER_2026-06-15.md,docs/GBP/doctrine/NUNN_CORPORATION_MASTER_OPERATING_BINDER_2026-06-15.md,NUNN_CORPORATION_MASTER_OPERATING_BINDER_2026-06-15.md,doctrine,MOB,superseded,restricted,docs/NUNN_CORPORATION_MASTER_OPERATING_BINDER_2026-06-15.md,,,none,medium,Proposed canonical placement based on authority layer and record type.,0.74,yes
docs/NUNN_GOVERNANCE_DOCTRINE_v1.md,docs/governance/NUNN_GOVERNANCE_DOCTRINE_v1.md,NUNN_GOVERNANCE_DOCTRINE_v1.md,doctrine,product,review_held,restricted,needs_owner_mapping,,,none,medium,Proposed canonical placement based on authority layer and record type.,0.74,yes
docs/OBSERVABILITY_MATURATION_FOCUS_STATE_2026-05-29.md,docs/governance/OBSERVABILITY_MATURATION_FOCUS_STATE_2026-05-29.md,OBSERVABILITY_MATURATION_FOCUS_STATE_2026-05-29.md,evidence,sentinel_ai,review_held,public,needs_owner_mapping,,,none,medium,Proposed canonical placement based on authority layer and record type.,0.74,yes
docs/OBSERVABILITY_PACKET_COMMIT_SCOPE_REQUEST_2026-05-30.md,docs/governance/OBSERVABILITY_PACKET_COMMIT_SCOPE_REQUEST_2026-05-30.md,OBSERVABILITY_PACKET_COMMIT_SCOPE_REQUEST_2026-05-30.md,implementation_manifest,sentinel_ai,active_supporting,restricted,needs_owner_mapping,,,none,medium,Proposed canonical placement based on authority layer and record type.,0.74,yes
docs/OBSERVABILITY_PACKET_COMMIT_SCOPE_REVIEW_2026-05-30.md,docs/governance/OBSERVABILITY_PACKET_COMMIT_SCOPE_REVIEW_2026-05-30.md,OBSERVABILITY_PACKET_COMMIT_SCOPE_REVIEW_2026-05-30.md,operating_model,sentinel_ai,review_held,held,needs_owner_mapping,,,none,medium,Proposed canonical placement based on authority layer and record type.,0.74,yes
docs/OBSERVABILITY_PACKET_MANIFEST_REVISION_2026-05-30.md,docs/governance/OBSERVABILITY_PACKET_MANIFEST_REVISION_2026-05-30.md,OBSERVABILITY_PACKET_MANIFEST_REVISION_2026-05-30.md,operating_model,sentinel_ai,review_held,restricted,needs_owner_mapping,,,none,medium,Proposed canonical placement based on authority layer and record type.,0.74,yes
docs/OBSERVABILITY_PACKET_SPLIT_REVIEW_2026-05-30.md,docs/governance/OBSERVABILITY_PACKET_SPLIT_REVIEW_2026-05-30.md,OBSERVABILITY_PACKET_SPLIT_REVIEW_2026-05-30.md,technical_design,sentinel_ai,review_held,restricted,needs_owner_mapping,,,none,medium,Proposed canonical placement based on authority layer and record type.,0.74,yes
docs/OBSERVABILITY_SIGNAL_CLASSIFICATION_MATRIX_2026-05-29.md,docs/governance/OBSERVABILITY_SIGNAL_CLASSIFICATION_MATRIX_2026-05-29.md,OBSERVABILITY_SIGNAL_CLASSIFICATION_MATRIX_2026-05-29.md,evidence,sentinel_ai,active_supporting,restricted,needs_owner_mapping,,,none,medium,Proposed canonical placement based on authority layer and record type.,0.74,yes
docs/OLDER_REPO_AZURE_CLI_SESSION_QUARANTINE_MANIFEST_2026-06-01.md,docs/governance/OLDER_REPO_AZURE_CLI_SESSION_QUARANTINE_MANIFEST_2026-06-01.md,OLDER_REPO_AZURE_CLI_SESSION_QUARANTINE_MANIFEST_2026-06-01.md,approval_result,sentinel_ai,review_held,held,needs_owner_mapping,,,none,medium,Proposed canonical placement based on authority layer and record type.,0.74,yes
docs/OLDER_REPO_DIFF_REVIEW_RESULT_2026-06-01.md,docs/governance/OLDER_REPO_DIFF_REVIEW_RESULT_2026-06-01.md,OLDER_REPO_DIFF_REVIEW_RESULT_2026-06-01.md,approval_result,sentinel_ai,review_held,held,needs_owner_mapping,,,none,medium,Proposed canonical placement based on authority layer and record type.,0.74,yes
docs/OLDER_REPO_DIFF_REVIEW_RESULT_2026-06-11.md,docs/governance/OLDER_REPO_DIFF_REVIEW_RESULT_2026-06-11.md,OLDER_REPO_DIFF_REVIEW_RESULT_2026-06-11.md,policy,sentinel_ai,active_supporting,restricted,needs_owner_mapping,,,none,medium,Proposed canonical placement based on authority layer and record type.,0.74,yes
docs/OLDER_REPO_SEPARATED_RESOLUTION_REQUIREMENTS_2026-06-11.md,docs/governance/OLDER_REPO_SEPARATED_RESOLUTION_REQUIREMENTS_2026-06-11.md,OLDER_REPO_SEPARATED_RESOLUTION_REQUIREMENTS_2026-06-11.md,approval_result,sentinel_ai,review_held,restricted,needs_owner_mapping,,,none,medium,Proposed canonical placement based on authority layer and record type.,0.74,yes
docs/OPENAI_FACEPLANE_PLAN.md,docs/governance/OPENAI_FACEPLANE_PLAN.md,OPENAI_FACEPLANE_PLAN.md,doctrine,sentinel_ai,archive_candidate,public,needs_owner_mapping,,,none,medium,Proposed canonical placement based on authority layer and record type.,0.74,yes
docs/OPEN_WORKTREE_ENTRY_TRACKER_2026-06-18.md,docs/GBP/doctrine/OPEN_WORKTREE_ENTRY_TRACKER_2026-06-18.md,OPEN_WORKTREE_ENTRY_TRACKER_2026-06-18.md,policy,MOB,review_held,public,docs/NUNN_CORPORATION_MASTER_OPERATING_BINDER_2026-06-15.md,,,none,medium,Proposed canonical placement based on authority layer and record type.,0.74,yes
docs/OPEN_WORK_CLOSEOUT_2026-05-31.md,docs/governance/OPEN_WORK_CLOSEOUT_2026-05-31.md,OPEN_WORK_CLOSEOUT_2026-05-31.md,operating_model,sentinel_ai,review_held,public,needs_owner_mapping,,,none,medium,Proposed canonical placement based on authority layer and record type.,0.74,yes
docs/OPERATING_DIRECTIVE_LOCKED_ALIGNMENT_2026-07-03.md,docs/governance/OPERATING_DIRECTIVE_LOCKED_ALIGNMENT_2026-07-03.md,OPERATING_DIRECTIVE_LOCKED_ALIGNMENT_2026-07-03.md,operating_model,sentinel_ai,review_held,held,needs_owner_mapping,,,none,medium,Proposed canonical placement based on authority layer and record type.,0.74,yes
docs/OPERATIONAL_UPGRADE_FACEPLANE.md,docs/governance/OPERATIONAL_UPGRADE_FACEPLANE.md,OPERATIONAL_UPGRADE_FACEPLANE.md,policy,sentinel_ai,review_held,public,needs_owner_mapping,,,none,medium,Proposed canonical placement based on authority layer and record type.,0.74,yes
docs/OPERATIONAL_UPGRADE_POSITIONING.md,docs/governance/OPERATIONAL_UPGRADE_POSITIONING.md,OPERATIONAL_UPGRADE_POSITIONING.md,policy,sentinel_ai,active_supporting,public,needs_owner_mapping,,,none,medium,Proposed canonical placement based on authority layer and record type.,0.74,yes
docs/OUTREACH_ASSETS_ORGANIZATION_2026-05-11.md,docs/governance/OUTREACH_ASSETS_ORGANIZATION_2026-05-11.md,OUTREACH_ASSETS_ORGANIZATION_2026-05-11.md,cadence,sentinel_ai,canonical_active,public,docs/REPO_CONTROL_LAYER.md,,,none,medium,Proposed canonical placement based on authority layer and record type.,0.74,yes
docs/OWNERFI_AI_FINANCIAL_MANAGEMENT_CHECKSUM_MANIFEST_2026-07-03.json,docs/governance/OWNERFI_AI_FINANCIAL_MANAGEMENT_CHECKSUM_MANIFEST_2026-07-03.json,OWNERFI_AI_FINANCIAL_MANAGEMENT_CHECKSUM_MANIFEST_2026-07-03.json,implementation_manifest,sentinel_ai,canonical_active,internal,needs_owner_mapping,,,none,medium,Proposed canonical placement based on authority layer and record type.,0.74,yes
docs/OWNERFI_AI_FINANCIAL_MANAGEMENT_MIGRATION_MANIFEST_2026-07-03.md,docs/governance/OWNERFI_AI_FINANCIAL_MANAGEMENT_MIGRATION_MANIFEST_2026-07-03.md,OWNERFI_AI_FINANCIAL_MANAGEMENT_MIGRATION_MANIFEST_2026-07-03.md,operating_model,sentinel_ai,superseded,internal,needs_owner_mapping,d_documents:,,none,medium,Proposed canonical placement based on authority layer and record type.,0.74,yes
docs/OWNERFI_AI_FINANCIAL_MANAGEMENT_MODULE_ARCHITECTURE_AND_MANIFEST_RESULT_2026-07-03.md,docs/governance/OWNERFI_AI_FINANCIAL_MANAGEMENT_MODULE_ARCHITECTURE_AND_MANIFEST_RESULT_2026-07-03.md,OWNERFI_AI_FINANCIAL_MANAGEMENT_MODULE_ARCHITECTURE_AND_MANIFEST_RESULT_2026-07-03.md,implementation_manifest,sentinel_ai,superseded,held,needs_owner_mapping,d_assets,,none,medium,Proposed canonical placement based on authority layer and record type.,0.74,yes
docs/OWNERFI_AI_FINANCIAL_MANAGEMENT_READ_ONLY_INVENTORY_2026-07-03.md,docs/governance/OWNERFI_AI_FINANCIAL_MANAGEMENT_READ_ONLY_INVENTORY_2026-07-03.md,OWNERFI_AI_FINANCIAL_MANAGEMENT_READ_ONLY_INVENTORY_2026-07-03.md,implementation_manifest,sentinel_ai,superseded,internal,needs_owner_mapping,d_documents: pending,,none,medium,Proposed canonical placement based on authority layer and record type.,0.74,yes
docs/OWNERFI_INTERNAL_FINANCIAL_DOMAIN_AND_MOB_ALIGNMENT_DECISION_2026-07-03.md,docs/GBP/assessments/OWNERFI_INTERNAL_FINANCIAL_DOMAIN_AND_MOB_ALIGNMENT_DECISION_2026-07-03.md,OWNERFI_INTERNAL_FINANCIAL_DOMAIN_AND_MOB_ALIGNMENT_DECISION_2026-07-03.md,operating_model,MOB,superseded,public,needs_owner_mapping,d by a later owner-approved,a later owner-approved,none,medium,Proposed canonical placement based on authority layer and record type.,0.74,yes
docs/OWNERFI_PILOT_API_SPEC.md,docs/governance/OWNERFI_PILOT_API_SPEC.md,OWNERFI_PILOT_API_SPEC.md,policy,sentinel_os,active_supporting,internal,needs_owner_mapping,,,none,medium,Proposed canonical placement based on authority layer and record type.,0.74,yes
docs/OWNERFI_PILOT_API_SPEC.pdf,docs/governance/OWNERFI_PILOT_API_SPEC.pdf,OWNERFI_PILOT_API_SPEC.pdf,policy,sentinel_os,active_supporting,internal,needs_owner_mapping,,,none,medium,Proposed canonical placement based on authority layer and record type.,0.74,yes
docs/OWNERFI_PROOF_HEALTH_NETWORK_VERIFICATION_PREP_2026-07-03.md,docs/governance/OWNERFI_PROOF_HEALTH_NETWORK_VERIFICATION_PREP_2026-07-03.md,OWNERFI_PROOF_HEALTH_NETWORK_VERIFICATION_PREP_2026-07-03.md,operating_model,sentinel_ai,review_held,restricted,needs_owner_mapping,,,none,medium,Proposed canonical placement based on authority layer and record type.,0.74,yes
docs/OWNERFI_PROOF_HEALTH_RESTORED_RESULT_2026-07-03.md,docs/governance/OWNERFI_PROOF_HEALTH_RESTORED_RESULT_2026-07-03.md,OWNERFI_PROOF_HEALTH_RESTORED_RESULT_2026-07-03.md,evidence,sentinel_ai,active_supporting,protected,needs_owner_mapping,,,none,medium,Proposed canonical placement based on authority layer and record type.,0.74,yes
docs/OWNERFI_PROOF_HEALTH_VERIFICATION_RESULT_2026-07-03.md,docs/governance/OWNERFI_PROOF_HEALTH_VERIFICATION_RESULT_2026-07-03.md,OWNERFI_PROOF_HEALTH_VERIFICATION_RESULT_2026-07-03.md,review_result,sentinel_ai,historical,held,needs_owner_mapping,the,,none,medium,Proposed canonical placement based on authority layer and record type.,0.74,yes
docs/OWNERFI_TODD_PILOT_MESSAGE.md,docs/governance/OWNERFI_TODD_PILOT_MESSAGE.md,OWNERFI_TODD_PILOT_MESSAGE.md,evidence,sentinel_os,archive_candidate,internal,needs_owner_mapping,,,none,medium,Proposed canonical placement based on authority layer and record type.,0.74,yes
docs/OWNERSHIP_HANDOUT.md,docs/governance/OWNERSHIP_HANDOUT.md,OWNERSHIP_HANDOUT.md,policy,sentinel_os,archive_candidate,protected,needs_owner_mapping,,,none,medium,Proposed canonical placement based on authority layer and record type.,0.74,yes
docs/OWNER_APPROVAL_RUNTIME_UPGRADE_INTRODUCTION_2026-07-06.md,docs/governance/OWNER_APPROVAL_RUNTIME_UPGRADE_INTRODUCTION_2026-07-06.md,OWNER_APPROVAL_RUNTIME_UPGRADE_INTRODUCTION_2026-07-06.md,policy,sentinel_ai,review_held,public,needs_owner_mapping,,,none,medium,Proposed canonical placement based on authority layer and record type.,0.74,yes
docs/OWNER_DECISION_EXTERNAL_SHARE_REVENUE_APPROVAL_RESULT_2026-07-03.md,docs/governance/OWNER_DECISION_EXTERNAL_SHARE_REVENUE_APPROVAL_RESULT_2026-07-03.md,OWNER_DECISION_EXTERNAL_SHARE_REVENUE_APPROVAL_RESULT_2026-07-03.md,operating_model,sentinel_ai,active_supporting,public,needs_owner_mapping,,,none,medium,Proposed canonical placement based on authority layer and record type.,0.74,yes
docs/OWNER_DECISION_EXTERNAL_SHARE_REVENUE_PACKET_2026-07-03.md,docs/governance/OWNER_DECISION_EXTERNAL_SHARE_REVENUE_PACKET_2026-07-03.md,OWNER_DECISION_EXTERNAL_SHARE_REVENUE_PACKET_2026-07-03.md,decision_packet,sentinel_ai,active_supporting,public,needs_owner_mapping,the prior `ready_for_owner_approval` status for,,none,medium,Proposed canonical placement based on authority layer and record type.,0.74,yes
docs/OWNER_REVIEW_RUNTIME_UPGRADE_PACKET_SINTENEX_RT_004_FOR_INTRODUCTION_2026-07-06.md,docs/governance/OWNER_REVIEW_RUNTIME_UPGRADE_PACKET_SINTENEX_RT_004_FOR_INTRODUCTION_2026-07-06.md,OWNER_REVIEW_RUNTIME_UPGRADE_PACKET_SINTENEX_RT_004_FOR_INTRODUCTION_2026-07-06.md,cadence,sentinel_ai,superseded,public,needs_owner_mapping,d_by_owner_approval,,none,medium,Proposed canonical placement based on authority layer and record type.,0.74,yes
docs/OWNER_RUNTIME_UPGRADE_SELECTION_RESULT_2026-07-06.md,docs/governance/OWNER_RUNTIME_UPGRADE_SELECTION_RESULT_2026-07-06.md,OWNER_RUNTIME_UPGRADE_SELECTION_RESULT_2026-07-06.md,policy,sentinel_ai,review_held,public,needs_owner_mapping,,,none,medium,Proposed canonical placement based on authority layer and record type.,0.74,yes
docs/OWNER_SELECTED_RUNTIME_UPGRADE_INTRODUCTION_CHANNEL_2026-07-06.md,docs/governance/OWNER_SELECTED_RUNTIME_UPGRADE_INTRODUCTION_CHANNEL_2026-07-06.md,OWNER_SELECTED_RUNTIME_UPGRADE_INTRODUCTION_CHANNEL_2026-07-06.md,policy,sentinel_ai,active_supporting,public,needs_owner_mapping,,,none,medium,Proposed canonical placement based on authority layer and record type.,0.74,yes
docs/PARTNER_PORTAL_REPOSITORY_DISCOVERY_AND_CONTROL_DIRECTION_2026-06-17.md,docs/governance/PARTNER_PORTAL_REPOSITORY_DISCOVERY_AND_CONTROL_DIRECTION_2026-06-17.md,PARTNER_PORTAL_REPOSITORY_DISCOVERY_AND_CONTROL_DIRECTION_2026-06-17.md,blueprint,sentinel_ai,unresolved,restricted,needs_owner_mapping,,,none,medium,Proposed canonical placement based on authority layer and record type.,0.74,yes
docs/PAYROLL_EXECUTION_EVIDENCE_PACKET_2026-05-05.md,docs/governance/PAYROLL_EXECUTION_EVIDENCE_PACKET_2026-05-05.md,PAYROLL_EXECUTION_EVIDENCE_PACKET_2026-05-05.md,operating_model,evidence_only,review_held,public,needs_owner_mapping,,,none,medium,Proposed canonical placement based on authority layer and record type.,0.74,yes
docs/PERSISTENCE_READINESS_MANIFEST_2026-07-05.md,docs/GBP/assessments/PERSISTENCE_READINESS_MANIFEST_2026-07-05.md,PERSISTENCE_READINESS_MANIFEST_2026-07-05.md,operating_model,MOB,active_supporting,public,docs/NUNN_CORPORATION_MASTER_OPERATING_BINDER_2026-06-15.md,,,none,medium,Proposed canonical placement based on authority layer and record type.,0.74,yes
docs/PHASE1_APPROVAL_BOARD_2026-05-07.md,docs/governance/PHASE1_APPROVAL_BOARD_2026-05-07.md,PHASE1_APPROVAL_BOARD_2026-05-07.md,approval_result,sentinel_ai,historical,protected,needs_owner_mapping,,,none,medium,Proposed canonical placement based on authority layer and record type.,0.74,yes
docs/PHASE1_APPROVAL_BOARD_2026-05-12.md,docs/governance/PHASE1_APPROVAL_BOARD_2026-05-12.md,PHASE1_APPROVAL_BOARD_2026-05-12.md,operating_model,sentinel_ai,historical,protected,needs_owner_mapping,,,none,medium,Proposed canonical placement based on authority layer and record type.,0.74,yes
docs/PHASED_OPERATIONAL_LANE_AND_OWNER_DECISION_PLAN_2026-07-03.md,docs/governance/PHASED_OPERATIONAL_LANE_AND_OWNER_DECISION_PLAN_2026-07-03.md,PHASED_OPERATIONAL_LANE_AND_OWNER_DECISION_PLAN_2026-07-03.md,evidence,sentinel_ai,superseded,restricted,docs/JULY_03_MASTER_OPERATING_BLUEPRINT_OVERLAY_2026-07-03.md,"d for route health by this recheck,",,none,medium,Proposed canonical placement based on authority layer and record type.,0.74,yes
docs/PHASE_1_FQDN_STABILITY_DIAGNOSTIC_RESULT_2026-07-03.md,docs/governance/PHASE_1_FQDN_STABILITY_DIAGNOSTIC_RESULT_2026-07-03.md,PHASE_1_FQDN_STABILITY_DIAGNOSTIC_RESULT_2026-07-03.md,approval_result,sentinel_ai,active_supporting,internal,needs_owner_mapping,,,none,medium,Proposed canonical placement based on authority layer and record type.,0.74,yes
docs/PLATFORM_CONTRACT_OWNERSHIP.md,docs/governance/PLATFORM_CONTRACT_OWNERSHIP.md,PLATFORM_CONTRACT_OWNERSHIP.md,policy,sentinel_ai,active_supporting,restricted,needs_owner_mapping,,,none,high,Proposed canonical placement based on authority layer and record type.,0.74,yes
docs/POSTGRESQL_MEMORY_LAYER_LIVE_VERIFICATION_RECONCILIATION_2026-06-12.md,docs/governance/POSTGRESQL_MEMORY_LAYER_LIVE_VERIFICATION_RECONCILIATION_2026-06-12.md,POSTGRESQL_MEMORY_LAYER_LIVE_VERIFICATION_RECONCILIATION_2026-06-12.md,review_result,sentinel_ai,historical,restricted,needs_owner_mapping,,,none,medium,Proposed canonical placement based on authority layer and record type.,0.74,yes
docs/PR7_CI_ONLY_WORKFLOW_FIX_EXECUTION_RESULT_2026-06-19.md,docs/governance/PR7_CI_ONLY_WORKFLOW_FIX_EXECUTION_RESULT_2026-06-19.md,PR7_CI_ONLY_WORKFLOW_FIX_EXECUTION_RESULT_2026-06-19.md,approval_result,sentinel_ai,review_held,restricted,needs_owner_mapping,,,none,medium,Proposed canonical placement based on authority layer and record type.,0.74,yes
docs/PR7_CONNECTOR_MINOR_CHANGE_IMPLEMENTATION_REVIEW_RESULT_2026-06-20.md,docs/governance/PR7_CONNECTOR_MINOR_CHANGE_IMPLEMENTATION_REVIEW_RESULT_2026-06-20.md,PR7_CONNECTOR_MINOR_CHANGE_IMPLEMENTATION_REVIEW_RESULT_2026-06-20.md,review_result,sentinel_ai,review_held,restricted,needs_owner_mapping,,,none,medium,Proposed canonical placement based on authority layer and record type.,0.74,yes
docs/PR7_CONNECTOR_MINOR_CHANGE_PATCH_SCOPE_APPROVAL_RESULT_2026-06-20.md,docs/governance/PR7_CONNECTOR_MINOR_CHANGE_PATCH_SCOPE_APPROVAL_RESULT_2026-06-20.md,PR7_CONNECTOR_MINOR_CHANGE_PATCH_SCOPE_APPROVAL_RESULT_2026-06-20.md,policy,sentinel_ai,review_held,restricted,needs_owner_mapping,,,none,medium,Proposed canonical placement based on authority layer and record type.,0.74,yes
docs/PR7_GPT_ACTION_CONNECTOR_DIRECTION_APPROVAL_RESULT_2026-06-19.md,docs/governance/PR7_GPT_ACTION_CONNECTOR_DIRECTION_APPROVAL_RESULT_2026-06-19.md,PR7_GPT_ACTION_CONNECTOR_DIRECTION_APPROVAL_RESULT_2026-06-19.md,policy,sentinel_ai,review_held,held,needs_owner_mapping,,,none,medium,Proposed canonical placement based on authority layer and record type.,0.74,yes
docs/PR7_GPT_ACTION_CONNECTOR_MINOR_CHANGES_REVIEW_RESULT_2026-06-19.md,docs/governance/PR7_GPT_ACTION_CONNECTOR_MINOR_CHANGES_REVIEW_RESULT_2026-06-19.md,PR7_GPT_ACTION_CONNECTOR_MINOR_CHANGES_REVIEW_RESULT_2026-06-19.md,policy,sentinel_ai,review_held,restricted,needs_owner_mapping,,,none,medium,Proposed canonical placement based on authority layer and record type.,0.74,yes
docs/PR7_GPT_ACTION_CONNECTOR_MINOR_CHANGE_IMPLEMENTATION_PACKET_2026-06-19.md,docs/governance/PR7_GPT_ACTION_CONNECTOR_MINOR_CHANGE_IMPLEMENTATION_PACKET_2026-06-19.md,PR7_GPT_ACTION_CONNECTOR_MINOR_CHANGE_IMPLEMENTATION_PACKET_2026-06-19.md,policy,sentinel_ai,review_held,restricted,needs_owner_mapping,,,none,medium,Proposed canonical placement based on authority layer and record type.,0.74,yes
docs/PR7_GPT_ACTION_CONNECTOR_REVIEW_PROCESSING_RESULT_2026-06-19.md,docs/governance/PR7_GPT_ACTION_CONNECTOR_REVIEW_PROCESSING_RESULT_2026-06-19.md,PR7_GPT_ACTION_CONNECTOR_REVIEW_PROCESSING_RESULT_2026-06-19.md,policy,sentinel_ai,active_supporting,restricted,needs_owner_mapping,,,none,medium,Proposed canonical placement based on authority layer and record type.,0.74,yes
docs/PRODUCT.md,docs/governance/PRODUCT.md,PRODUCT.md,policy,sentinel_ai,canonical_active,internal,needs_owner_mapping,,,none,medium,Proposed canonical placement based on authority layer and record type.,0.74,yes
docs/PRODUCT_DEFINITION_RECONCILIATION_RESULT_2026-05-29.md,docs/governance/PRODUCT_DEFINITION_RECONCILIATION_RESULT_2026-05-29.md,PRODUCT_DEFINITION_RECONCILIATION_RESULT_2026-05-29.md,review_result,sentinel_ai,historical,public,needs_owner_mapping,,,none,medium,Proposed canonical placement based on authority layer and record type.,0.74,yes
docs/PROOF_CASE_GOVERNED_DEAL_EXECUTION_V2.md,docs/governance/PROOF_CASE_GOVERNED_DEAL_EXECUTION_V2.md,PROOF_CASE_GOVERNED_DEAL_EXECUTION_V2.md,policy,sentinel_os,active_supporting,internal,needs_owner_mapping,,,none,high,Proposed canonical placement based on authority layer and record type.,0.74,yes
docs/PROOF_CASE_OWNERFI.md,docs/governance/PROOF_CASE_OWNERFI.md,PROOF_CASE_OWNERFI.md,policy,sentinel_ai,active_supporting,internal,needs_owner_mapping,,,none,medium,Proposed canonical placement based on authority layer and record type.,0.74,yes
docs/PROOF_CASE_PLAN.md,docs/governance/PROOF_CASE_PLAN.md,PROOF_CASE_PLAN.md,policy,sentinel_ai,archive_candidate,internal,needs_owner_mapping,,,none,medium,Proposed canonical placement based on authority layer and record type.,0.74,yes
docs/PROOF_CONTROL_PLANE_RELEASE_2026-05-07.md,docs/governance/PROOF_CONTROL_PLANE_RELEASE_2026-05-07.md,PROOF_CONTROL_PLANE_RELEASE_2026-05-07.md,policy,sentinel_ai,active_supporting,protected,needs_owner_mapping,,,none,medium,Proposed canonical placement based on authority layer and record type.,0.74,yes
docs/README.md,docs/governance/README.md,README.md,policy,sentinel_os,historical,protected,needs_owner_mapping,d | retention rule documented | Internal evidence policy |,,filename_conflict,medium,Proposed canonical placement based on authority layer and record type.,0.74,yes
docs/READ_ONLY_CURRENT_SENTINEL_DEPLOYMENT_FOOTPRINT_DISCOVERY_RESULT_2026-06-13.md,docs/governance/READ_ONLY_CURRENT_SENTINEL_DEPLOYMENT_FOOTPRINT_DISCOVERY_RESULT_2026-06-13.md,READ_ONLY_CURRENT_SENTINEL_DEPLOYMENT_FOOTPRINT_DISCOVERY_RESULT_2026-06-13.md,template,sentinel_ai,active_supporting,public,needs_owner_mapping,the older deployment guide for current-footprint reporting.,,none,medium,Proposed canonical placement based on authority layer and record type.,0.74,yes
docs/READ_ONLY_CURRENT_SENTINEL_DEPLOYMENT_FOOTPRINT_DISCOVERY_SCOPE_REVIEW_2026-06-13.md,docs/governance/READ_ONLY_CURRENT_SENTINEL_DEPLOYMENT_FOOTPRINT_DISCOVERY_SCOPE_REVIEW_2026-06-13.md,READ_ONLY_CURRENT_SENTINEL_DEPLOYMENT_FOOTPRINT_DISCOVERY_SCOPE_REVIEW_2026-06-13.md,operating_model,sentinel_ai,unresolved,restricted,needs_owner_mapping,,,none,medium,Proposed canonical placement based on authority layer and record type.,0.74,yes
docs/READ_ONLY_LOG_ANALYTICS_VERIFICATION_AUTHORITY_ACCEPTANCE_2026-06-01.md,docs/governance/READ_ONLY_LOG_ANALYTICS_VERIFICATION_AUTHORITY_ACCEPTANCE_2026-06-01.md,READ_ONLY_LOG_ANALYTICS_VERIFICATION_AUTHORITY_ACCEPTANCE_2026-06-01.md,implementation_manifest,sentinel_ai,active_supporting,restricted,needs_owner_mapping,,,none,medium,Proposed canonical placement based on authority layer and record type.,0.74,yes
docs/READ_ONLY_LOG_ANALYTICS_VERIFICATION_AUTHORITY_REQUEST_2026-05-30.md,docs/governance/READ_ONLY_LOG_ANALYTICS_VERIFICATION_AUTHORITY_REQUEST_2026-05-30.md,READ_ONLY_LOG_ANALYTICS_VERIFICATION_AUTHORITY_REQUEST_2026-05-30.md,approval_result,sentinel_ai,active_supporting,restricted,needs_owner_mapping,,,none,medium,Proposed canonical placement based on authority layer and record type.,0.74,yes
docs/RECORD_CLASSIFICATION_DIRECTIVE_RECONCILIATION_2026-06-12.md,docs/governance/RECORD_CLASSIFICATION_DIRECTIVE_RECONCILIATION_2026-06-12.md,RECORD_CLASSIFICATION_DIRECTIVE_RECONCILIATION_2026-06-12.md,policy,evidence_only,active_supporting,internal,docs/RECORD_CLASSIFICATION_DIRECTIVE_RECONCILIATION_2026-06-12.md,,,none,medium,Proposed canonical placement based on authority layer and record type.,0.74,yes
docs/REFRESHED_CURRENT_CONTROL_PACKET_STAGING_MANIFEST_2026-06-01.md,docs/governance/REFRESHED_CURRENT_CONTROL_PACKET_STAGING_MANIFEST_2026-06-01.md,REFRESHED_CURRENT_CONTROL_PACKET_STAGING_MANIFEST_2026-06-01.md,policy,sentinel_ai,active_supporting,internal,needs_owner_mapping,,,none,medium,Proposed canonical placement based on authority layer and record type.,0.74,yes
docs/REFRESHED_EXACT_RELEASE_STAGING_MANIFEST_REVIEW_2026-06-18.md,docs/governance/REFRESHED_EXACT_RELEASE_STAGING_MANIFEST_REVIEW_2026-06-18.md,REFRESHED_EXACT_RELEASE_STAGING_MANIFEST_REVIEW_2026-06-18.md,cadence,sentinel_ai,unresolved,internal,docs/SENTINEL_MANAGED_REPOSITORY_EVIDENCE_AND_CLASSIFICATION_2026-06-11.md,,,none,medium,Proposed canonical placement based on authority layer and record type.,0.74,yes
docs/REFRESHED_EXACT_RELEASE_STAGING_MANIFEST_REVIEW_RESULT_2026-06-18.md,docs/governance/REFRESHED_EXACT_RELEASE_STAGING_MANIFEST_REVIEW_RESULT_2026-06-18.md,REFRESHED_EXACT_RELEASE_STAGING_MANIFEST_REVIEW_RESULT_2026-06-18.md,policy,sentinel_ai,active_supporting,restricted,needs_owner_mapping,,,none,medium,Proposed canonical placement based on authority layer and record type.,0.74,yes
docs/REFRESHED_EXACT_REVIEW_MANIFEST_2026-06-17.md,docs/governance/REFRESHED_EXACT_REVIEW_MANIFEST_2026-06-17.md,REFRESHED_EXACT_REVIEW_MANIFEST_2026-06-17.md,policy,sentinel_ai,review_held,held,docs/SENTINEL_MANAGED_REPOSITORY_EVIDENCE_AND_CLASSIFICATION_2026-06-11.md,,,none,medium,Proposed canonical placement based on authority layer and record type.,0.74,yes
docs/REFRESHED_RELEASE_BLOCKER_SELECTION_RESULT_2026-06-18.md,docs/governance/REFRESHED_RELEASE_BLOCKER_SELECTION_RESULT_2026-06-18.md,REFRESHED_RELEASE_BLOCKER_SELECTION_RESULT_2026-06-18.md,implementation_manifest,sentinel_ai,historical,restricted,needs_owner_mapping,,,none,medium,Proposed canonical placement based on authority layer and record type.,0.74,yes
docs/RELEASE_BLOCKER_SELECTION_RESULT_2026-06-15.md,docs/governance/RELEASE_BLOCKER_SELECTION_RESULT_2026-06-15.md,RELEASE_BLOCKER_SELECTION_RESULT_2026-06-15.md,implementation_manifest,sentinel_ai,unresolved,restricted,needs_owner_mapping,,,none,medium,Proposed canonical placement based on authority layer and record type.,0.74,yes
docs/RELEASE_v1.0.0.md,docs/governance/RELEASE_v1.0.0.md,RELEASE_v1.0.0.md,approval_result,sentinel_ai,active_supporting,protected,needs_owner_mapping,,,none,medium,Proposed canonical placement based on authority layer and record type.,0.74,yes
docs/RELEASE_v1.2.0.md,docs/governance/RELEASE_v1.2.0.md,RELEASE_v1.2.0.md,policy,sentinel_os,active_supporting,internal,needs_owner_mapping,,,none,medium,Proposed canonical placement based on authority layer and record type.,0.74,yes
docs/RELEASE_v1.3.0.md,docs/governance/RELEASE_v1.3.0.md,RELEASE_v1.3.0.md,policy,sentinel_os,archive_candidate,internal,needs_owner_mapping,,,none,medium,Proposed canonical placement based on authority layer and record type.,0.74,yes
docs/REPORTS_NEEDED_TODAY_READINESS_2026-05-29.md,docs/governance/REPORTS_NEEDED_TODAY_READINESS_2026-05-29.md,REPORTS_NEEDED_TODAY_READINESS_2026-05-29.md,operating_model,sentinel_ai,review_held,public,needs_owner_mapping,,,none,medium,Proposed canonical placement based on authority layer and record type.,0.74,yes
docs/REPO_AUTHORITY_MAP_2026-05-08.md,docs/governance/REPO_AUTHORITY_MAP_2026-05-08.md,REPO_AUTHORITY_MAP_2026-05-08.md,policy,sentinel_os,canonical_active,protected,docs/REPO_AUTHORITY_MAP_2026-05-08.md,,,none,medium,Proposed canonical placement based on authority layer and record type.,0.74,yes
docs/REPO_CONTROL_LAYER.md,docs/governance/REPO_CONTROL_LAYER.md,REPO_CONTROL_LAYER.md,policy,sentinel_os,review_held,held,docs/REPO_CONTROL_LAYER.md,,,none,medium,Proposed canonical placement based on authority layer and record type.,0.74,yes
docs/REVENUE_READY_HELD_IMPLEMENTATION_RESULT_2026-07-03.md,docs/governance/REVENUE_READY_HELD_IMPLEMENTATION_RESULT_2026-07-03.md,REVENUE_READY_HELD_IMPLEMENTATION_RESULT_2026-07-03.md,approval_result,sentinel_ai,review_held,public,needs_owner_mapping,,,none,medium,Proposed canonical placement based on authority layer and record type.,0.74,yes
docs/RUNTIME_REGISTRY_CONTRACT_REPAIR_EXECUTION_RESULT_2026-06-01.md,docs/governance/RUNTIME_REGISTRY_CONTRACT_REPAIR_EXECUTION_RESULT_2026-06-01.md,RUNTIME_REGISTRY_CONTRACT_REPAIR_EXECUTION_RESULT_2026-06-01.md,policy,sentinel_ai,review_held,public,needs_owner_mapping,,,none,medium,Proposed canonical placement based on authority layer and record type.,0.74,yes
docs/RUNTIME_UPGRADE_CANDIDATE_RELEASE_PACKET_WHITE_GLOVE_2026-07-06.md,docs/governance/RUNTIME_UPGRADE_CANDIDATE_RELEASE_PACKET_WHITE_GLOVE_2026-07-06.md,RUNTIME_UPGRADE_CANDIDATE_RELEASE_PACKET_WHITE_GLOVE_2026-07-06.md,policy,sentinel_ai,active_supporting,public,needs_owner_mapping,,,none,medium,Proposed canonical placement based on authority layer and record type.,0.74,yes
docs/RUNTIME_UPGRADE_CANDIDATE_SELECTION_REVIEW_RT_004_2026-07-06.md,docs/governance/RUNTIME_UPGRADE_CANDIDATE_SELECTION_REVIEW_RT_004_2026-07-06.md,RUNTIME_UPGRADE_CANDIDATE_SELECTION_REVIEW_RT_004_2026-07-06.md,cadence,sentinel_ai,review_held,public,needs_owner_mapping,,,none,medium,Proposed canonical placement based on authority layer and record type.,0.74,yes
docs/RUNTIME_UPGRADE_GPT_SUPPORT_CADENCE_RETURN_2026-07-06.md,docs/GBP/assessments/RUNTIME_UPGRADE_GPT_SUPPORT_CADENCE_RETURN_2026-07-06.md,RUNTIME_UPGRADE_GPT_SUPPORT_CADENCE_RETURN_2026-07-06.md,template,MOB,review_held,public,needs_owner_mapping,,,none,medium,Proposed canonical placement based on authority layer and record type.,0.74,yes
docs/RUNTIME_UPGRADE_INTRODUCTION_COPY_AND_CHANNEL_PACKET_2026-07-06.md,docs/governance/RUNTIME_UPGRADE_INTRODUCTION_COPY_AND_CHANNEL_PACKET_2026-07-06.md,RUNTIME_UPGRADE_INTRODUCTION_COPY_AND_CHANNEL_PACKET_2026-07-06.md,policy,sentinel_ai,active_supporting,public,needs_owner_mapping,,,none,medium,Proposed canonical placement based on authority layer and record type.,0.74,yes
docs/RUNTIME_UPGRADE_PACKET_SINTENEX_RT_001_OWNERFI_ROUTE_HEALTH_2026-07-06.md,docs/governance/RUNTIME_UPGRADE_PACKET_SINTENEX_RT_001_OWNERFI_ROUTE_HEALTH_2026-07-06.md,RUNTIME_UPGRADE_PACKET_SINTENEX_RT_001_OWNERFI_ROUTE_HEALTH_2026-07-06.md,policy,sentinel_ai,active_supporting,public,needs_owner_mapping,,,none,medium,Proposed canonical placement based on authority layer and record type.,0.74,yes
docs/RUNTIME_UPGRADE_PACKET_SINTENEX_RT_003_RECEIPT_AUDIT_DECISION_SURFACE_2026-07-06.md,docs/governance/RUNTIME_UPGRADE_PACKET_SINTENEX_RT_003_RECEIPT_AUDIT_DECISION_SURFACE_2026-07-06.md,RUNTIME_UPGRADE_PACKET_SINTENEX_RT_003_RECEIPT_AUDIT_DECISION_SURFACE_2026-07-06.md,approval_result,sentinel_ai,active_supporting,public,needs_owner_mapping,,,none,medium,Proposed canonical placement based on authority layer and record type.,0.74,yes
docs/RUNTIME_UPGRADE_PACKET_SINTENEX_RT_004_MISSION_CONTROL_CONTROL_PLANE_2026-07-06.md,docs/governance/RUNTIME_UPGRADE_PACKET_SINTENEX_RT_004_MISSION_CONTROL_CONTROL_PLANE_2026-07-06.md,RUNTIME_UPGRADE_PACKET_SINTENEX_RT_004_MISSION_CONTROL_CONTROL_PLANE_2026-07-06.md,cadence,sentinel_ai,active_supporting,public,needs_owner_mapping,,,none,medium,Proposed canonical placement based on authority layer and record type.,0.74,yes
docs/RUNTIME_UPGRADE_PACKET_SINTENEX_RT_005_GOVERNANCE_PRIMITIVES_2026-07-06.md,docs/governance/RUNTIME_UPGRADE_PACKET_SINTENEX_RT_005_GOVERNANCE_PRIMITIVES_2026-07-06.md,RUNTIME_UPGRADE_PACKET_SINTENEX_RT_005_GOVERNANCE_PRIMITIVES_2026-07-06.md,policy,sentinel_ai,active_supporting,public,needs_owner_mapping,,,none,medium,Proposed canonical placement based on authority layer and record type.,0.74,yes
docs/SATURDAY_DAILY_EXECUTIVE_CADENCE_2026-06-13.md,docs/governance/SATURDAY_DAILY_EXECUTIVE_CADENCE_2026-06-13.md,SATURDAY_DAILY_EXECUTIVE_CADENCE_2026-06-13.md,policy,sentinel_ai,superseded,public,needs_owner_mapping,d by portal product direction | `REVIEW_MAIN_ENTITY_INQUIRY_PORTAL` |,portal product direction | `REVIEW_MAIN_ENTITY_INQUIRY_PORTAL` |,none,medium,Proposed canonical placement based on authority layer and record type.,0.74,yes
docs/SATURDAY_DEMO_SCRIPT.md,docs/governance/SATURDAY_DEMO_SCRIPT.md,SATURDAY_DEMO_SCRIPT.md,evidence,sentinel_os,archive_candidate,protected,needs_owner_mapping,,,none,medium,Proposed canonical placement based on authority layer and record type.,0.74,yes
docs/SECURITY_EVENT_TAXONOMY_RECONCILIATION_2026-05-30.md,docs/governance/SECURITY_EVENT_TAXONOMY_RECONCILIATION_2026-05-30.md,SECURITY_EVENT_TAXONOMY_RECONCILIATION_2026-05-30.md,evidence,sentinel_ai,active_supporting,protected,needs_owner_mapping,,,none,medium,Proposed canonical placement based on authority layer and record type.,0.74,yes
docs/SECURITY_HARDENING_PASS_2026-05-11.md,docs/governance/SECURITY_HARDENING_PASS_2026-05-11.md,SECURITY_HARDENING_PASS_2026-05-11.md,policy,sentinel_ai,active_supporting,restricted,needs_owner_mapping,,,none,medium,Proposed canonical placement based on authority layer and record type.,0.74,yes
docs/SENDCOMM_CONCEPT_CLASSIFICATION_AGAINST_SENTINELOS_BOUNDARIES_2026-07-06.md,docs/governance/SENDCOMM_CONCEPT_CLASSIFICATION_AGAINST_SENTINELOS_BOUNDARIES_2026-07-06.md,SENDCOMM_CONCEPT_CLASSIFICATION_AGAINST_SENTINELOS_BOUNDARIES_2026-07-06.md,policy,sentinel_ai,historical,public,docs/REPO_CONTROL_LAYER.md,,,none,medium,Proposed canonical placement based on authority layer and record type.,0.74,yes
docs/SENDCOMM_GITHUB_SOURCE_INVENTORY_2026-07-06.md,docs/governance/SENDCOMM_GITHUB_SOURCE_INVENTORY_2026-07-06.md,SENDCOMM_GITHUB_SOURCE_INVENTORY_2026-07-06.md,operating_model,sentinel_ai,review_held,public,needs_owner_mapping,,,none,medium,Proposed canonical placement based on authority layer and record type.,0.74,yes
docs/SENDCOMM_LINEAGE_PRESERVATION_PACKET_NO_FILE_MOVEMENT_2026-07-06.md,docs/governance/SENDCOMM_LINEAGE_PRESERVATION_PACKET_NO_FILE_MOVEMENT_2026-07-06.md,SENDCOMM_LINEAGE_PRESERVATION_PACKET_NO_FILE_MOVEMENT_2026-07-06.md,policy,sentinel_ai,historical,public,needs_owner_mapping,,,none,medium,Proposed canonical placement based on authority layer and record type.,0.74,yes
docs/SENDCOMM_SENTINELOS_MIGRATION_REVIEW_RESULT_2026-07-03.md,docs/governance/SENDCOMM_SENTINELOS_MIGRATION_REVIEW_RESULT_2026-07-03.md,SENDCOMM_SENTINELOS_MIGRATION_REVIEW_RESULT_2026-07-03.md,decision_packet,sentinel_ai,historical,public,needs_owner_mapping,"the prior blocker that exact GitHub access was missing,",,none,medium,Proposed canonical placement based on authority layer and record type.,0.74,yes
docs/SENTINELOS_DEMO_PACKAGE_APPROVAL_NOTICE_2026-05-06.md,docs/governance/SENTINELOS_DEMO_PACKAGE_APPROVAL_NOTICE_2026-05-06.md,SENTINELOS_DEMO_PACKAGE_APPROVAL_NOTICE_2026-05-06.md,doctrine,sentinel_ai,active_supporting,public,needs_owner_mapping,,,none,medium,Proposed canonical placement based on authority layer and record type.,0.74,yes
docs/SENTINELOS_DEMO_PACKAGE_V2.md,docs/governance/SENTINELOS_DEMO_PACKAGE_V2.md,SENTINELOS_DEMO_PACKAGE_V2.md,policy,sentinel_os,archive_candidate,public,needs_owner_mapping,,,none,medium,Proposed canonical placement based on authority layer and record type.,0.74,yes
docs/SENTINELOS_ENTITY_INQUIRY_PORTAL_RECONCILIATION_2026-06-12.md,docs/governance/SENTINELOS_ENTITY_INQUIRY_PORTAL_RECONCILIATION_2026-06-12.md,SENTINELOS_ENTITY_INQUIRY_PORTAL_RECONCILIATION_2026-06-12.md,policy,sentinel_os,superseded,public,needs_owner_mapping,d,,none,medium,Proposed canonical placement based on authority layer and record type.,0.74,yes
docs/SENTINELOS_LIVE_DEMO_SCRIPT_V2.md,docs/governance/SENTINELOS_LIVE_DEMO_SCRIPT_V2.md,SENTINELOS_LIVE_DEMO_SCRIPT_V2.md,policy,sentinel_os,archive_candidate,internal,needs_owner_mapping,,,none,high,Proposed canonical placement based on authority layer and record type.,0.74,yes
docs/SENTINELOS_OLDER_REPO_AZURE_CLI_QUARANTINE_REVIEW_2026-06-01.md,docs/governance/SENTINELOS_OLDER_REPO_AZURE_CLI_QUARANTINE_REVIEW_2026-06-01.md,SENTINELOS_OLDER_REPO_AZURE_CLI_QUARANTINE_REVIEW_2026-06-01.md,approval_result,sentinel_ai,review_held,held,needs_owner_mapping,,,none,medium,Proposed canonical placement based on authority layer and record type.,0.74,yes
docs/SENTINELOS_OPERATIONAL_GOVERNANCE_WORKFLOW_AND_VR_DEPARTMENT_ESTABLISHMENT_2026-07-06.md,docs/governance/SENTINELOS_OPERATIONAL_GOVERNANCE_WORKFLOW_AND_VR_DEPARTMENT_ESTABLISHMENT_2026-07-06.md,SENTINELOS_OPERATIONAL_GOVERNANCE_WORKFLOW_AND_VR_DEPARTMENT_ESTABLISHMENT_2026-07-06.md,policy,sentinel_ai,review_held,restricted,needs_owner_mapping,,,none,medium,Proposed canonical placement based on authority layer and record type.,0.74,yes
docs/SENTINELOS_PROJECT_SITUATION_AND_PUBLICATION_CONTROL_INDEX_2026-05-30.md,docs/governance/SENTINELOS_PROJECT_SITUATION_AND_PUBLICATION_CONTROL_INDEX_2026-05-30.md,SENTINELOS_PROJECT_SITUATION_AND_PUBLICATION_CONTROL_INDEX_2026-05-30.md,operating_model,sentinel_ai,review_held,public,needs_owner_mapping,,,none,medium,Proposed canonical placement based on authority layer and record type.,0.74,yes
docs/SENTINELOS_PROOF_SHEET_V2.md,docs/governance/SENTINELOS_PROOF_SHEET_V2.md,SENTINELOS_PROOF_SHEET_V2.md,policy,sentinel_os,active_supporting,internal,needs_owner_mapping,,,none,high,Proposed canonical placement based on authority layer and record type.,0.74,yes
docs/SENTINELOS_SECURITY_EVENT_TAXONOMY_2026-05-29.md,docs/governance/SENTINELOS_SECURITY_EVENT_TAXONOMY_2026-05-29.md,SENTINELOS_SECURITY_EVENT_TAXONOMY_2026-05-29.md,evidence,sentinel_ai,active_supporting,restricted,needs_owner_mapping,,,none,medium,Proposed canonical placement based on authority layer and record type.,0.74,yes
docs/SENTINELOS_SOURCE_DOCUMENT_ALIGNMENT_2026-05-06.md,docs/governance/SENTINELOS_SOURCE_DOCUMENT_ALIGNMENT_2026-05-06.md,SENTINELOS_SOURCE_DOCUMENT_ALIGNMENT_2026-05-06.md,doctrine,sentinel_ai,canonical_active,public,needs_owner_mapping,,,none,medium,Proposed canonical placement based on authority layer and record type.,0.74,yes
docs/SENTINELOS_STATE_STEWARDSHIP_MODEL_2026-06-20.md,docs/governance/SENTINELOS_STATE_STEWARDSHIP_MODEL_2026-06-20.md,SENTINELOS_STATE_STEWARDSHIP_MODEL_2026-06-20.md,operating_model,sentinel_ai,historical,internal,needs_owner_mapping,,,none,medium,Proposed canonical placement based on authority layer and record type.,0.74,yes
docs/SENTINELOS_VIRTUAL_REVIEW_DEPARTMENT_CHARTER_2026-07-06.md,docs/governance/SENTINELOS_VIRTUAL_REVIEW_DEPARTMENT_CHARTER_2026-07-06.md,SENTINELOS_VIRTUAL_REVIEW_DEPARTMENT_CHARTER_2026-07-06.md,policy,sentinel_ai,active_supporting,restricted,needs_owner_mapping,,,none,medium,Proposed canonical placement based on authority layer and record type.,0.74,yes
docs/SENTINEL_AI_CHANGE_HOLD_DECLARATION_2026-06-11.md,docs/governance/SENTINEL_AI_CHANGE_HOLD_DECLARATION_2026-06-11.md,SENTINEL_AI_CHANGE_HOLD_DECLARATION_2026-06-11.md,operating_model,sentinel_ai,review_held,held,needs_owner_mapping,,,none,medium,Proposed canonical placement based on authority layer and record type.,0.74,yes
docs/SENTINEL_AI_COMMAND_ACCESS_NAMING_AND_VERBIAGE_SCAN_2026-06-17.md,docs/governance/SENTINEL_AI_COMMAND_ACCESS_NAMING_AND_VERBIAGE_SCAN_2026-06-17.md,SENTINEL_AI_COMMAND_ACCESS_NAMING_AND_VERBIAGE_SCAN_2026-06-17.md,policy,sentinel_ai,active_supporting,internal,needs_owner_mapping,,,none,medium,Proposed canonical placement based on authority layer and record type.,0.74,yes
docs/SENTINEL_AI_JUNE_CLOSEOUT_READY_ON_HOLD_WORKFLOW_2026-06-30.md,docs/GBP/assessments/SENTINEL_AI_JUNE_CLOSEOUT_READY_ON_HOLD_WORKFLOW_2026-06-30.md,SENTINEL_AI_JUNE_CLOSEOUT_READY_ON_HOLD_WORKFLOW_2026-06-30.md,operating_model,MOB,historical,held,docs/NUNN_CORPORATION_MASTER_OPERATING_BINDER_2026-06-15.md,,,none,medium,Proposed canonical placement based on authority layer and record type.,0.74,yes
docs/SENTINEL_AI_RECORD_CLASSIFICATION_AND_ACCESS_SEGREGATION_POLICY_2026-06-12.md,docs/governance/SENTINEL_AI_RECORD_CLASSIFICATION_AND_ACCESS_SEGREGATION_POLICY_2026-06-12.md,SENTINEL_AI_RECORD_CLASSIFICATION_AND_ACCESS_SEGREGATION_POLICY_2026-06-12.md,policy,sentinel_ai,historical,held,docs/SENTINEL_AI_RECORD_CLASSIFICATION_AND_ACCESS_SEGREGATION_POLICY_2026-06-12.md,,,none,medium,Proposed canonical placement based on authority layer and record type.,0.74,yes
docs/SENTINEL_AI_TELEMETRY_SCAN_MODEL_2026-05-30.md,docs/governance/SENTINEL_AI_TELEMETRY_SCAN_MODEL_2026-05-30.md,SENTINEL_AI_TELEMETRY_SCAN_MODEL_2026-05-30.md,template,sentinel_ai,review_held,restricted,needs_owner_mapping,,,none,medium,Proposed canonical placement based on authority layer and record type.,0.74,yes
docs/SENTINEL_APPROVAL_NOTICE_2026-05-04.md,docs/governance/SENTINEL_APPROVAL_NOTICE_2026-05-04.md,SENTINEL_APPROVAL_NOTICE_2026-05-04.md,doctrine,runtime,canonical_active,public,needs_owner_mapping,,,none,medium,Proposed canonical placement based on authority layer and record type.,0.74,yes
docs/SENTINEL_APPROVAL_RESUMPTION_2026-05-06.md,docs/governance/SENTINEL_APPROVAL_RESUMPTION_2026-05-06.md,SENTINEL_APPROVAL_RESUMPTION_2026-05-06.md,operating_model,sentinel_ai,review_held,public,needs_owner_mapping,,,none,medium,Proposed canonical placement based on authority layer and record type.,0.74,yes
docs/SENTINEL_APPROVAL_RISK_ANALYSIS_2026-05-04.md,docs/governance/SENTINEL_APPROVAL_RISK_ANALYSIS_2026-05-04.md,SENTINEL_APPROVAL_RISK_ANALYSIS_2026-05-04.md,doctrine,runtime,historical,public,needs_owner_mapping,it explicitly.,,none,medium,Proposed canonical placement based on authority layer and record type.,0.74,yes
docs/SENTINEL_ARTIFACT_DECISION_REGISTER_2026-05-13.md,docs/governance/SENTINEL_ARTIFACT_DECISION_REGISTER_2026-05-13.md,SENTINEL_ARTIFACT_DECISION_REGISTER_2026-05-13.md,operating_model,sentinel_ai,historical,public,needs_owner_mapping,it. |,later Phase 1/1.1 records. | Reference only for strategic lineage. |,none,medium,Proposed canonical placement based on authority layer and record type.,0.74,yes
docs/SENTINEL_AUTHORITY_RECEIPT_PROOF_PACKET_2026-06-19.md,docs/governance/SENTINEL_AUTHORITY_RECEIPT_PROOF_PACKET_2026-06-19.md,SENTINEL_AUTHORITY_RECEIPT_PROOF_PACKET_2026-06-19.md,policy,sentinel_ai,superseded,held,docs/SENTINEL_STEERING_DOCUMENT_CANCELLATION_AND_AUTHORITY_LAYER_DIRECTION_2026-06-18.md,,,none,medium,Proposed canonical placement based on authority layer and record type.,0.74,yes
docs/SENTINEL_AUTHORITY_RECEIPT_PROOF_PACKET_APPROVAL_RESULT_2026-06-19.md,docs/governance/SENTINEL_AUTHORITY_RECEIPT_PROOF_PACKET_APPROVAL_RESULT_2026-06-19.md,SENTINEL_AUTHORITY_RECEIPT_PROOF_PACKET_APPROVAL_RESULT_2026-06-19.md,policy,sentinel_ai,superseded,held,docs/SENTINEL_STEERING_DOCUMENT_CANCELLATION_AND_AUTHORITY_LAYER_DIRECTION_2026-06-18.md,,,none,medium,Proposed canonical placement based on authority layer and record type.,0.74,yes
docs/SENTINEL_CATEGORY_APPROVAL_NOTICE_2026-05-04.md,docs/governance/SENTINEL_CATEGORY_APPROVAL_NOTICE_2026-05-04.md,SENTINEL_CATEGORY_APPROVAL_NOTICE_2026-05-04.md,doctrine,runtime,review_held,protected,needs_owner_mapping,,,none,medium,Proposed canonical placement based on authority layer and record type.,0.74,yes
docs/SENTINEL_CATEGORY_COMPLETION_NOTICE_2026-05-04.md,docs/governance/SENTINEL_CATEGORY_COMPLETION_NOTICE_2026-05-04.md,SENTINEL_CATEGORY_COMPLETION_NOTICE_2026-05-04.md,doctrine,runtime,historical,protected,needs_owner_mapping,,,none,medium,Proposed canonical placement based on authority layer and record type.,0.74,yes
docs/SENTINEL_CRAFTSMANSHIP_PASS_2026-05-13.md,docs/governance/SENTINEL_CRAFTSMANSHIP_PASS_2026-05-13.md,SENTINEL_CRAFTSMANSHIP_PASS_2026-05-13.md,policy,sentinel_ai,historical,protected,needs_owner_mapping,,,none,medium,Proposed canonical placement based on authority layer and record type.,0.74,yes
docs/SENTINEL_DECISION_PATTERN_APPROVAL_NOTICE_2026-05-06.md,docs/governance/SENTINEL_DECISION_PATTERN_APPROVAL_NOTICE_2026-05-06.md,SENTINEL_DECISION_PATTERN_APPROVAL_NOTICE_2026-05-06.md,doctrine,sentinel_ai,active_supporting,public,needs_owner_mapping,,,none,medium,Proposed canonical placement based on authority layer and record type.,0.74,yes
docs/SENTINEL_DOCKING_PROTOCOL.md,docs/governance/SENTINEL_DOCKING_PROTOCOL.md,SENTINEL_DOCKING_PROTOCOL.md,policy,sentinel_os,archive_candidate,restricted,needs_owner_mapping,,,none,medium,Proposed canonical placement based on authority layer and record type.,0.74,yes
docs/SENTINEL_EXECUTIVE_OPERATING_TEMPLATE_2026-06-01.md,docs/governance/SENTINEL_EXECUTIVE_OPERATING_TEMPLATE_2026-06-01.md,SENTINEL_EXECUTIVE_OPERATING_TEMPLATE_2026-06-01.md,operating_model,sentinel_ai,active_supporting,public,docs/SENTINEL_MANAGED_REPOSITORY_ORGANIZATION_CONTROL_PACKET_2026-06-01.md,,,none,medium,Proposed canonical placement based on authority layer and record type.,0.74,yes
docs/SENTINEL_EXECUTIVE_OPERATING_TEMPLATE_2026-06-11.md,docs/governance/SENTINEL_EXECUTIVE_OPERATING_TEMPLATE_2026-06-11.md,SENTINEL_EXECUTIVE_OPERATING_TEMPLATE_2026-06-11.md,operating_model,sentinel_ai,active_supporting,restricted,docs/SENTINEL_STEERING_DOCUMENT_CANCELLATION_AND_AUTHORITY_LAYER_DIRECTION_2026-06-18.md,,,none,medium,Proposed canonical placement based on authority layer and record type.,0.74,yes
docs/SENTINEL_EXECUTIVE_OPERATING_TEMPLATE_2026-06-19.md,docs/governance/SENTINEL_EXECUTIVE_OPERATING_TEMPLATE_2026-06-19.md,SENTINEL_EXECUTIVE_OPERATING_TEMPLATE_2026-06-19.md,operating_model,sentinel_ai,review_held,restricted,needs_owner_mapping,,,none,medium,Proposed canonical placement based on authority layer and record type.,0.74,yes
docs/SENTINEL_EXECUTIVE_OPERATING_TEMPLATE_2026-07-01.md,docs/GBP/assessments/SENTINEL_EXECUTIVE_OPERATING_TEMPLATE_2026-07-01.md,SENTINEL_EXECUTIVE_OPERATING_TEMPLATE_2026-07-01.md,operating_model,MOB,active_supporting,public,docs/NUNN_CORPORATION_MASTER_OPERATING_BINDER_2026-06-15.md,,,none,medium,Proposed canonical placement based on authority layer and record type.,0.74,yes
docs/SENTINEL_EXECUTIVE_OPERATING_TEMPLATE_2026-07-03.md,docs/governance/SENTINEL_EXECUTIVE_OPERATING_TEMPLATE_2026-07-03.md,SENTINEL_EXECUTIVE_OPERATING_TEMPLATE_2026-07-03.md,operating_model,sentinel_ai,review_held,restricted,needs_owner_mapping,,,none,medium,Proposed canonical placement based on authority layer and record type.,0.74,yes
docs/SENTINEL_EXECUTIVE_OPERATING_TEMPLATE_CURRENT_2026-05-31.md,docs/governance/SENTINEL_EXECUTIVE_OPERATING_TEMPLATE_CURRENT_2026-05-31.md,SENTINEL_EXECUTIVE_OPERATING_TEMPLATE_CURRENT_2026-05-31.md,operating_model,sentinel_ai,review_held,public,needs_owner_mapping,,,none,medium,Proposed canonical placement based on authority layer and record type.,0.74,yes
docs/SENTINEL_EXECUTIVE_OPERATING_TEMPLATE_JULY_05_ADDENDUM_2026-07-05.md,docs/GBP/assessments/SENTINEL_EXECUTIVE_OPERATING_TEMPLATE_JULY_05_ADDENDUM_2026-07-05.md,SENTINEL_EXECUTIVE_OPERATING_TEMPLATE_JULY_05_ADDENDUM_2026-07-05.md,operating_model,MOB,review_held,public,docs/NUNN_CORPORATION_MASTER_OPERATING_BINDER_2026-06-15.md,,,none,medium,Proposed canonical placement based on authority layer and record type.,0.74,yes
docs/SENTINEL_EXECUTIVE_OPERATING_TEMPLATE_JULY_STARTING_POINT_2026-06-30.md,docs/GBP/assessments/SENTINEL_EXECUTIVE_OPERATING_TEMPLATE_JULY_STARTING_POINT_2026-06-30.md,SENTINEL_EXECUTIVE_OPERATING_TEMPLATE_JULY_STARTING_POINT_2026-06-30.md,operating_model,MOB,review_held,restricted,docs/NUNN_CORPORATION_MASTER_OPERATING_BINDER_2026-06-15.md,,,none,medium,Proposed canonical placement based on authority layer and record type.,0.74,yes
docs/SENTINEL_EXECUTIVE_OPERATING_TEMPLATE_MICROSOFT_SENTINEL_2026-05-29.md,docs/governance/SENTINEL_EXECUTIVE_OPERATING_TEMPLATE_MICROSOFT_SENTINEL_2026-05-29.md,SENTINEL_EXECUTIVE_OPERATING_TEMPLATE_MICROSOFT_SENTINEL_2026-05-29.md,operating_model,sentinel_ai,review_held,public,needs_owner_mapping,,,none,medium,Proposed canonical placement based on authority layer and record type.,0.74,yes
docs/SENTINEL_EXECUTIVE_OPERATING_TEMPLATE_MOB_REFRESHED_2026-06-15.md,docs/GBP/assessments/SENTINEL_EXECUTIVE_OPERATING_TEMPLATE_MOB_REFRESHED_2026-06-15.md,SENTINEL_EXECUTIVE_OPERATING_TEMPLATE_MOB_REFRESHED_2026-06-15.md,operating_model,MOB,review_held,restricted,docs/NUNN_CORPORATION_MASTER_OPERATING_BINDER_2026-06-15.md,,,none,medium,Proposed canonical placement based on authority layer and record type.,0.74,yes
docs/SENTINEL_EXECUTIVE_OPERATING_TEMPLATE_REFRESHED_2026-06-12.md,docs/governance/SENTINEL_EXECUTIVE_OPERATING_TEMPLATE_REFRESHED_2026-06-12.md,SENTINEL_EXECUTIVE_OPERATING_TEMPLATE_REFRESHED_2026-06-12.md,policy,sentinel_ai,unresolved,restricted,needs_owner_mapping,,,none,medium,Proposed canonical placement based on authority layer and record type.,0.74,yes
docs/SENTINEL_EXECUTIVE_OPERATING_TEMPLATE_REFRESHED_2026-06-15.md,docs/governance/SENTINEL_EXECUTIVE_OPERATING_TEMPLATE_REFRESHED_2026-06-15.md,SENTINEL_EXECUTIVE_OPERATING_TEMPLATE_REFRESHED_2026-06-15.md,operating_model,sentinel_ai,review_held,restricted,needs_owner_mapping,,,none,medium,Proposed canonical placement based on authority layer and record type.,0.74,yes
docs/SENTINEL_EXECUTIVE_OPERATING_TEMPLATE_REFRESHED_FOR_PROCESSING_2026-06-13.md,docs/governance/SENTINEL_EXECUTIVE_OPERATING_TEMPLATE_REFRESHED_FOR_PROCESSING_2026-06-13.md,SENTINEL_EXECUTIVE_OPERATING_TEMPLATE_REFRESHED_FOR_PROCESSING_2026-06-13.md,operating_model,sentinel_ai,historical,restricted,needs_owner_mapping,_older_April_29_record,,none,medium,Proposed canonical placement based on authority layer and record type.,0.74,yes
docs/SENTINEL_EXECUTIVE_TEMPLATE_ISSUE_ACTION_PROCESSING_2026-05-30.md,docs/governance/SENTINEL_EXECUTIVE_TEMPLATE_ISSUE_ACTION_PROCESSING_2026-05-30.md,SENTINEL_EXECUTIVE_TEMPLATE_ISSUE_ACTION_PROCESSING_2026-05-30.md,operating_model,sentinel_ai,review_held,held,needs_owner_mapping,,,none,medium,Proposed canonical placement based on authority layer and record type.,0.74,yes
docs/SENTINEL_EXECUTIVE_TEMPLATE_PROCESSING_2026-06-01.md,docs/governance/SENTINEL_EXECUTIVE_TEMPLATE_PROCESSING_2026-06-01.md,SENTINEL_EXECUTIVE_TEMPLATE_PROCESSING_2026-06-01.md,operating_model,sentinel_ai,review_held,held,needs_owner_mapping,,,none,medium,Proposed canonical placement based on authority layer and record type.,0.74,yes
docs/SENTINEL_EXECUTIVE_TEMPLATE_RECOMMENDATIONS_APPROVAL_2026-06-01.md,docs/governance/SENTINEL_EXECUTIVE_TEMPLATE_RECOMMENDATIONS_APPROVAL_2026-06-01.md,SENTINEL_EXECUTIVE_TEMPLATE_RECOMMENDATIONS_APPROVAL_2026-06-01.md,operating_model,sentinel_ai,review_held,restricted,needs_owner_mapping,,,none,medium,Proposed canonical placement based on authority layer and record type.,0.74,yes
docs/SENTINEL_GOVERNANCE_COMPLIANCE_APPROVAL_REPORT_2026-05-04.md,docs/governance/SENTINEL_GOVERNANCE_COMPLIANCE_APPROVAL_REPORT_2026-05-04.md,SENTINEL_GOVERNANCE_COMPLIANCE_APPROVAL_REPORT_2026-05-04.md,doctrine,runtime,review_held,protected,needs_owner_mapping,d by a named status report,a named status report,none,medium,Proposed canonical placement based on authority layer and record type.,0.74,yes
docs/SENTINEL_MANAGED_REPOSITORY_APPROVAL_EXECUTION_RESULT_2026-06-01.md,docs/governance/SENTINEL_MANAGED_REPOSITORY_APPROVAL_EXECUTION_RESULT_2026-06-01.md,SENTINEL_MANAGED_REPOSITORY_APPROVAL_EXECUTION_RESULT_2026-06-01.md,decision_packet,sentinel_ai,review_held,public,needs_owner_mapping,,,none,medium,Proposed canonical placement based on authority layer and record type.,0.74,yes
docs/SENTINEL_MANAGED_REPOSITORY_EVIDENCE_AND_CLASSIFICATION_2026-06-11.md,docs/governance/SENTINEL_MANAGED_REPOSITORY_EVIDENCE_AND_CLASSIFICATION_2026-06-11.md,SENTINEL_MANAGED_REPOSITORY_EVIDENCE_AND_CLASSIFICATION_2026-06-11.md,evidence,sentinel_ai,historical,public,docs/SENTINEL_MANAGED_REPOSITORY_ORGANIZATION_CONTROL_PACKET_2026-06-01.md,stale counts |,,none,medium,Proposed canonical placement based on authority layer and record type.,0.74,yes
docs/SENTINEL_MANAGED_REPOSITORY_EVIDENCE_AND_CLASSIFICATION_REVIEW_RESULT_2026-06-11.md,docs/governance/SENTINEL_MANAGED_REPOSITORY_EVIDENCE_AND_CLASSIFICATION_REVIEW_RESULT_2026-06-11.md,SENTINEL_MANAGED_REPOSITORY_EVIDENCE_AND_CLASSIFICATION_REVIEW_RESULT_2026-06-11.md,review_result,sentinel_ai,review_held,restricted,docs/SENTINEL_MANAGED_REPOSITORY_EVIDENCE_AND_CLASSIFICATION_2026-06-11.md,,,none,medium,Proposed canonical placement based on authority layer and record type.,0.74,yes
docs/SENTINEL_MANAGED_REPOSITORY_ORGANIZATION_CONTROL_PACKET_2026-06-01.md,docs/governance/SENTINEL_MANAGED_REPOSITORY_ORGANIZATION_CONTROL_PACKET_2026-06-01.md,SENTINEL_MANAGED_REPOSITORY_ORGANIZATION_CONTROL_PACKET_2026-06-01.md,policy,sentinel_ai,historical,public,docs/SENTINEL_MANAGED_REPOSITORY_ORGANIZATION_CONTROL_PACKET_2026-06-01.md,,,none,medium,Proposed canonical placement based on authority layer and record type.,0.74,yes
docs/SENTINEL_NEXUS_BHINDI_VAULT_READ_ONLY_POC_TEST_PLAN_2026-06-17.md,docs/governance/SENTINEL_NEXUS_BHINDI_VAULT_READ_ONLY_POC_TEST_PLAN_2026-06-17.md,SENTINEL_NEXUS_BHINDI_VAULT_READ_ONLY_POC_TEST_PLAN_2026-06-17.md,decision_packet,sentinel_ai,canonical_active,internal,needs_owner_mapping,,,none,medium,Proposed canonical placement based on authority layer and record type.,0.74,yes
docs/SENTINEL_RECOMMENDATIONS_GOVERNANCE_PASS_AND_EXECUTION_MAP_2026-07-03.md,docs/governance/SENTINEL_RECOMMENDATIONS_GOVERNANCE_PASS_AND_EXECUTION_MAP_2026-07-03.md,SENTINEL_RECOMMENDATIONS_GOVERNANCE_PASS_AND_EXECUTION_MAP_2026-07-03.md,policy,sentinel_ai,canonical_active,restricted,needs_owner_mapping,,,none,medium,Proposed canonical placement based on authority layer and record type.,0.74,yes
docs/SENTINEL_RELEASE_V1_GOVERNANCE_PACKET_REVIEW_RESULT_2026-06-15.md,docs/governance/SENTINEL_RELEASE_V1_GOVERNANCE_PACKET_REVIEW_RESULT_2026-06-15.md,SENTINEL_RELEASE_V1_GOVERNANCE_PACKET_REVIEW_RESULT_2026-06-15.md,review_result,sentinel_ai,unresolved,restricted,needs_owner_mapping,,,none,medium,Proposed canonical placement based on authority layer and record type.,0.74,yes
docs/SENTINEL_REPO_ORGANIZATION_REPORT_2026-05-04.md,docs/governance/SENTINEL_REPO_ORGANIZATION_REPORT_2026-05-04.md,SENTINEL_REPO_ORGANIZATION_REPORT_2026-05-04.md,doctrine,runtime,historical,public,needs_owner_mapping,,,none,medium,Proposed canonical placement based on authority layer and record type.,0.74,yes
docs/SENTINEL_REPO_ORGANIZATION_REPORT_2026-05-07.md,docs/governance/SENTINEL_REPO_ORGANIZATION_REPORT_2026-05-07.md,SENTINEL_REPO_ORGANIZATION_REPORT_2026-05-07.md,doctrine,runtime,historical,public,needs_owner_mapping,,,none,medium,Proposed canonical placement based on authority layer and record type.,0.74,yes
docs/SENTINEL_REPO_ORGANIZATION_REPORT_2026-05-11.md,docs/governance/SENTINEL_REPO_ORGANIZATION_REPORT_2026-05-11.md,SENTINEL_REPO_ORGANIZATION_REPORT_2026-05-11.md,doctrine,runtime,historical,public,docs/CANONICAL_DOCUMENTS_INDEX_2026-05-11.md,,,none,medium,Proposed canonical placement based on authority layer and record type.,0.74,yes
docs/SENTINEL_REPO_ORGANIZATION_REPORT_2026-05-13.md,docs/governance/SENTINEL_REPO_ORGANIZATION_REPORT_2026-05-13.md,SENTINEL_REPO_ORGANIZATION_REPORT_2026-05-13.md,doctrine,runtime,canonical_active,public,docs/CANONICAL_DOCUMENTS_INDEX_2026-05-11.md,,,none,medium,Proposed canonical placement based on authority layer and record type.,0.74,yes
docs/SENTINEL_REPO_ORGANIZATION_REPORT_2026-06-01.md,docs/governance/SENTINEL_REPO_ORGANIZATION_REPORT_2026-06-01.md,SENTINEL_REPO_ORGANIZATION_REPORT_2026-06-01.md,doctrine,runtime,review_held,public,docs/CANONICAL_DOCUMENTS_INDEX_2026-05-11.md,,,none,medium,Proposed canonical placement based on authority layer and record type.,0.74,yes
docs/SENTINEL_STEERING_DOCUMENT_CANCELLATION_AND_AUTHORITY_LAYER_DIRECTION_2026-06-18.md,docs/governance/SENTINEL_STEERING_DOCUMENT_CANCELLATION_AND_AUTHORITY_LAYER_DIRECTION_2026-06-18.md,SENTINEL_STEERING_DOCUMENT_CANCELLATION_AND_AUTHORITY_LAYER_DIRECTION_2026-06-18.md,operating_model,sentinel_ai,superseded,public,docs/NUNN_CORPORATION_MASTER_OPERATING_BINDER_2026-06-15.md,,,none,medium,Proposed canonical placement based on authority layer and record type.,0.74,yes
docs/SENTINEL_TARGETED_STREAMLINING_APPROVAL_PLAN_2026-05-04.md,docs/governance/SENTINEL_TARGETED_STREAMLINING_APPROVAL_PLAN_2026-05-04.md,SENTINEL_TARGETED_STREAMLINING_APPROVAL_PLAN_2026-05-04.md,approval_result,runtime,review_held,held,needs_owner_mapping,,,none,medium,Proposed canonical placement based on authority layer and record type.,0.74,yes
docs/SINTENEX_RUNTIME_ELIGIBILITY_ALERT_QUEUE_2026-07-06.md,docs/governance/SINTENEX_RUNTIME_ELIGIBILITY_ALERT_QUEUE_2026-07-06.md,SINTENEX_RUNTIME_ELIGIBILITY_ALERT_QUEUE_2026-07-06.md,policy,sentinel_ai,active_supporting,public,needs_owner_mapping,,,none,medium,Proposed canonical placement based on authority layer and record type.,0.74,yes
docs/SINTENEX_RUNTIME_UPGRADE_READINESS_CONTROL_RESULT_2026-07-06.md,docs/governance/SINTENEX_RUNTIME_UPGRADE_READINESS_CONTROL_RESULT_2026-07-06.md,SINTENEX_RUNTIME_UPGRADE_READINESS_CONTROL_RESULT_2026-07-06.md,policy,sentinel_ai,historical,public,needs_owner_mapping,,,none,medium,Proposed canonical placement based on authority layer and record type.,0.74,yes
docs/SINTENEX_TIMED_EVENT_AND_COMMERCIAL_ROUTING_BOUNDARY_2026-07-03.md,docs/governance/SINTENEX_TIMED_EVENT_AND_COMMERCIAL_ROUTING_BOUNDARY_2026-07-03.md,SINTENEX_TIMED_EVENT_AND_COMMERCIAL_ROUTING_BOUNDARY_2026-07-03.md,operating_model,sentinel_ai,review_held,public,needs_owner_mapping,,,none,medium,Proposed canonical placement based on authority layer and record type.,0.74,yes
docs/SINTENEX_TIMED_EVENT_AND_COMMERCIAL_ROUTING_BOUNDARY_REVIEW_RESULT_2026-07-03.md,docs/governance/SINTENEX_TIMED_EVENT_AND_COMMERCIAL_ROUTING_BOUNDARY_REVIEW_RESULT_2026-07-03.md,SINTENEX_TIMED_EVENT_AND_COMMERCIAL_ROUTING_BOUNDARY_REVIEW_RESULT_2026-07-03.md,template,sentinel_ai,review_held,protected,needs_owner_mapping,,,none,medium,Proposed canonical placement based on authority layer and record type.,0.74,yes
docs/SOVEREIGN_BUYER_PACKAGE_INTAKE_RECONCILIATION_2026-06-11.md,docs/governance/SOVEREIGN_BUYER_PACKAGE_INTAKE_RECONCILIATION_2026-06-11.md,SOVEREIGN_BUYER_PACKAGE_INTAKE_RECONCILIATION_2026-06-11.md,policy,sentinel_ai,review_held,held,needs_owner_mapping,,,none,medium,Proposed canonical placement based on authority layer and record type.,0.74,yes
docs/SOVEREIGN_KEY_MANAGEMENT_AND_LICENSE_LIFECYCLE_CONTROL_PLAN_2026-06-17.md,docs/governance/SOVEREIGN_KEY_MANAGEMENT_AND_LICENSE_LIFECYCLE_CONTROL_PLAN_2026-06-17.md,SOVEREIGN_KEY_MANAGEMENT_AND_LICENSE_LIFECYCLE_CONTROL_PLAN_2026-06-17.md,policy,sentinel_ai,canonical_active,public,needs_owner_mapping,"d, or revoked IDs must not be reissued.",,none,medium,Proposed canonical placement based on authority layer and record type.,0.74,yes
docs/SOVEREIGN_KEY_MANAGEMENT_AND_LICENSE_LIFECYCLE_CONTROL_PLAN_APPROVAL_RESULT_2026-06-17.md,docs/governance/SOVEREIGN_KEY_MANAGEMENT_AND_LICENSE_LIFECYCLE_CONTROL_PLAN_APPROVAL_RESULT_2026-06-17.md,SOVEREIGN_KEY_MANAGEMENT_AND_LICENSE_LIFECYCLE_CONTROL_PLAN_APPROVAL_RESULT_2026-06-17.md,approval_result,sentinel_ai,unresolved,internal,needs_owner_mapping,,,none,medium,Proposed canonical placement based on authority layer and record type.,0.74,yes
docs/SOVEREIGN_KEY_MANAGEMENT_AND_LICENSE_LIFECYCLE_CONTROL_PLAN_REVIEW_RESULT_2026-06-17.md,docs/governance/SOVEREIGN_KEY_MANAGEMENT_AND_LICENSE_LIFECYCLE_CONTROL_PLAN_REVIEW_RESULT_2026-06-17.md,SOVEREIGN_KEY_MANAGEMENT_AND_LICENSE_LIFECYCLE_CONTROL_PLAN_REVIEW_RESULT_2026-06-17.md,approval_result,sentinel_ai,unresolved,internal,needs_owner_mapping,,,none,medium,Proposed canonical placement based on authority layer and record type.,0.74,yes
docs/SOVEREIGN_KEY_MANAGEMENT_IMPLEMENTATION_MANIFEST_2026-06-17.md,docs/governance/SOVEREIGN_KEY_MANAGEMENT_IMPLEMENTATION_MANIFEST_2026-06-17.md,SOVEREIGN_KEY_MANAGEMENT_IMPLEMENTATION_MANIFEST_2026-06-17.md,policy,sentinel_ai,superseded,public,needs_owner_mapping,d,,none,medium,Proposed canonical placement based on authority layer and record type.,0.74,yes
docs/SOVEREIGN_LIGHT_MODE_APPROVAL_PACKET_2026-06-11.md,docs/governance/SOVEREIGN_LIGHT_MODE_APPROVAL_PACKET_2026-06-11.md,SOVEREIGN_LIGHT_MODE_APPROVAL_PACKET_2026-06-11.md,approval_result,sentinel_ai,review_held,public,needs_owner_mapping,,,none,medium,Proposed canonical placement based on authority layer and record type.,0.74,yes
docs/SOVEREIGN_LIGHT_MODE_APPROVAL_PROCESSING_RESULT_2026-06-16.md,docs/governance/SOVEREIGN_LIGHT_MODE_APPROVAL_PROCESSING_RESULT_2026-06-16.md,SOVEREIGN_LIGHT_MODE_APPROVAL_PROCESSING_RESULT_2026-06-16.md,policy,sentinel_ai,active_supporting,internal,needs_owner_mapping,,,none,medium,Proposed canonical placement based on authority layer and record type.,0.74,yes
docs/SOVEREIGN_READINESS_SCORECARD_2026-06-11.md,docs/governance/SOVEREIGN_READINESS_SCORECARD_2026-06-11.md,SOVEREIGN_READINESS_SCORECARD_2026-06-11.md,policy,sentinel_ai,active_supporting,internal,needs_owner_mapping,,,none,medium,Proposed canonical placement based on authority layer and record type.,0.74,yes
docs/SOVEREIGN_SECURITY_AND_GOVERNANCE_OVERVIEW_DRAFT_2026-06-11.md,docs/governance/SOVEREIGN_SECURITY_AND_GOVERNANCE_OVERVIEW_DRAFT_2026-06-11.md,SOVEREIGN_SECURITY_AND_GOVERNANCE_OVERVIEW_DRAFT_2026-06-11.md,policy,sentinel_ai,active_supporting,internal,needs_owner_mapping,,,none,medium,Proposed canonical placement based on authority layer and record type.,0.74,yes
docs/SP1_LOW_LATENCY_PROOF_PIPELINE_MOCK_OPTIMIZATION_PACKET_2026-06-30.md,docs/GBP/doctrine/SP1_LOW_LATENCY_PROOF_PIPELINE_MOCK_OPTIMIZATION_PACKET_2026-06-30.md,SP1_LOW_LATENCY_PROOF_PIPELINE_MOCK_OPTIMIZATION_PACKET_2026-06-30.md,policy,MOB,review_held,public,docs/NUNN_CORPORATION_MASTER_OPERATING_BINDER_2026-06-15.md,,,none,medium,Proposed canonical placement based on authority layer and record type.,0.74,yes
docs/STATE_ANCHORING_RUNBOOK.md,docs/governance/STATE_ANCHORING_RUNBOOK.md,STATE_ANCHORING_RUNBOOK.md,approval_result,customer_experience,active_supporting,internal,needs_owner_mapping,,,none,medium,Proposed canonical placement based on authority layer and record type.,0.74,yes
docs/STRIPE_CHECKOUT_CONFIGURATION_APPROVAL_PACKET_2026-07-03.md,docs/governance/STRIPE_CHECKOUT_CONFIGURATION_APPROVAL_PACKET_2026-07-03.md,STRIPE_CHECKOUT_CONFIGURATION_APPROVAL_PACKET_2026-07-03.md,approval_result,sentinel_ai,review_held,restricted,needs_owner_mapping,,,none,medium,Proposed canonical placement based on authority layer and record type.,0.74,yes
docs/STRIPE_CHECKOUT_INGESTION_REPORT.md,docs/governance/STRIPE_CHECKOUT_INGESTION_REPORT.md,STRIPE_CHECKOUT_INGESTION_REPORT.md,approval_result,sentinel_os,archive_candidate,restricted,needs_owner_mapping,,,none,medium,Proposed canonical placement based on authority layer and record type.,0.74,yes
docs/STRIPE_NON_PRODUCTION_CONFIGURATION_EVIDENCE_PLAN_2026-07-03.md,docs/governance/STRIPE_NON_PRODUCTION_CONFIGURATION_EVIDENCE_PLAN_2026-07-03.md,STRIPE_NON_PRODUCTION_CONFIGURATION_EVIDENCE_PLAN_2026-07-03.md,approval_result,sentinel_ai,active_supporting,restricted,needs_owner_mapping,,,none,medium,Proposed canonical placement based on authority layer and record type.,0.74,yes
docs/SUNDAY_DAILY_EXECUTIVE_CADENCE_CLOSEOUT_2026-06-14.md,docs/governance/SUNDAY_DAILY_EXECUTIVE_CADENCE_CLOSEOUT_2026-06-14.md,SUNDAY_DAILY_EXECUTIVE_CADENCE_CLOSEOUT_2026-06-14.md,operating_model,sentinel_ai,review_held,public,needs_owner_mapping,,,none,medium,Proposed canonical placement based on authority layer and record type.,0.74,yes
docs/SUNDAY_WEEKLY_EXECUTIVE_CADENCE_CLOSEOUT_2026-06-14.md,docs/governance/SUNDAY_WEEKLY_EXECUTIVE_CADENCE_CLOSEOUT_2026-06-14.md,SUNDAY_WEEKLY_EXECUTIVE_CADENCE_CLOSEOUT_2026-06-14.md,cadence,sentinel_ai,unresolved,restricted,needs_owner_mapping,,,none,medium,Proposed canonical placement based on authority layer and record type.,0.74,yes
docs/SURFACE_PLANES.md,docs/governance/SURFACE_PLANES.md,SURFACE_PLANES.md,policy,sentinel_ai,canonical_active,public,needs_owner_mapping,,,none,medium,Proposed canonical placement based on authority layer and record type.,0.74,yes
docs/SYSTEM_DESIGN.md,docs/governance/SYSTEM_DESIGN.md,SYSTEM_DESIGN.md,policy,sentinel_ai,archive_candidate,public,needs_owner_mapping,,,none,medium,Proposed canonical placement based on authority layer and record type.,0.74,yes
docs/SYSTEM_POSITIONING.md,docs/governance/SYSTEM_POSITIONING.md,SYSTEM_POSITIONING.md,operating_model,sentinel_ai,review_held,held,needs_owner_mapping,,,none,medium,Proposed canonical placement based on authority layer and record type.,0.74,yes
docs/TASK_TEMPLATES_SYSTEM.md,docs/governance/TASK_TEMPLATES_SYSTEM.md,TASK_TEMPLATES_SYSTEM.md,policy,runtime,review_held,public,needs_owner_mapping,,,none,medium,Proposed canonical placement based on authority layer and record type.,0.74,yes
docs/TASK_TEMPLATE_CHECK_FAILURE_REVIEW_2026-06-15.md,docs/GBP/assessments/TASK_TEMPLATE_CHECK_FAILURE_REVIEW_2026-06-15.md,TASK_TEMPLATE_CHECK_FAILURE_REVIEW_2026-06-15.md,template,MOB,review_held,held,needs_owner_mapping,,,none,medium,Proposed canonical placement based on authority layer and record type.,0.74,yes
docs/THURSDAY_DAILY_EXECUTIVE_CADENCE_2026-06-18.md,docs/GBP/assessments/THURSDAY_DAILY_EXECUTIVE_CADENCE_2026-06-18.md,THURSDAY_DAILY_EXECUTIVE_CADENCE_2026-06-18.md,operating_model,MOB,superseded,public,docs/NUNN_CORPORATION_MASTER_OPERATING_BINDER_2026-06-15.md,,,none,medium,Proposed canonical placement based on authority layer and record type.,0.74,yes
docs/THURSDAY_DAILY_EXECUTIVE_CADENCE_CLOSEOUT_2026-06-18.md,docs/governance/THURSDAY_DAILY_EXECUTIVE_CADENCE_CLOSEOUT_2026-06-18.md,THURSDAY_DAILY_EXECUTIVE_CADENCE_CLOSEOUT_2026-06-18.md,operating_model,sentinel_ai,superseded,internal,docs/NUNN_CORPORATION_MASTER_OPERATING_BINDER_2026-06-15.md,,,none,medium,Proposed canonical placement based on authority layer and record type.,0.74,yes
docs/TIER_TRIAL_AUTO_REVERT_POLICY_2026-07-06.md,docs/governance/TIER_TRIAL_AUTO_REVERT_POLICY_2026-07-06.md,TIER_TRIAL_AUTO_REVERT_POLICY_2026-07-06.md,policy,sentinel_ai,active_supporting,public,needs_owner_mapping,,,none,medium,Proposed canonical placement based on authority layer and record type.,0.74,yes
docs/TILDA_ORCHESTRATION_SUPPORT_COMMAND_PACKET_2026-06-14.md,docs/governance/TILDA_ORCHESTRATION_SUPPORT_COMMAND_PACKET_2026-06-14.md,TILDA_ORCHESTRATION_SUPPORT_COMMAND_PACKET_2026-06-14.md,operating_model,sentinel_ai,review_held,held,needs_owner_mapping,,,none,medium,Proposed canonical placement based on authority layer and record type.,0.74,yes
docs/TILDA_ORCHESTRATION_SUPPORT_COMMAND_PACKET_REVIEW_RESULT_2026-06-14.md,docs/governance/TILDA_ORCHESTRATION_SUPPORT_COMMAND_PACKET_REVIEW_RESULT_2026-06-14.md,TILDA_ORCHESTRATION_SUPPORT_COMMAND_PACKET_REVIEW_RESULT_2026-06-14.md,approval_result,sentinel_ai,unresolved,restricted,needs_owner_mapping,,,none,medium,Proposed canonical placement based on authority layer and record type.,0.74,yes
docs/TILDA_SENTINELOS_SUPPORT_CONTRACT_REVIEW_RESULT_2026-06-15.md,docs/governance/TILDA_SENTINELOS_SUPPORT_CONTRACT_REVIEW_RESULT_2026-06-15.md,TILDA_SENTINELOS_SUPPORT_CONTRACT_REVIEW_RESULT_2026-06-15.md,operating_model,sentinel_ai,active_supporting,internal,needs_owner_mapping,,,none,medium,Proposed canonical placement based on authority layer and record type.,0.74,yes
docs/TILDA_SENTINELOS_SUPPORT_LANE_PROCESSING_RESULT_2026-06-12.md,docs/governance/TILDA_SENTINELOS_SUPPORT_LANE_PROCESSING_RESULT_2026-06-12.md,TILDA_SENTINELOS_SUPPORT_LANE_PROCESSING_RESULT_2026-06-12.md,policy,sentinel_ai,unresolved,restricted,needs_owner_mapping,,,none,medium,Proposed canonical placement based on authority layer and record type.,0.74,yes
docs/TILDA_SUPPORT_REQUEST_ANSWER_AND_ROUTING_MATRIX_2026-06-14.md,docs/governance/TILDA_SUPPORT_REQUEST_ANSWER_AND_ROUTING_MATRIX_2026-06-14.md,TILDA_SUPPORT_REQUEST_ANSWER_AND_ROUTING_MATRIX_2026-06-14.md,policy,sentinel_ai,review_held,restricted,needs_owner_mapping,,,none,medium,Proposed canonical placement based on authority layer and record type.,0.74,yes
docs/TODAY_TASKS_2026-04-28.md,docs/governance/TODAY_TASKS_2026-04-28.md,TODAY_TASKS_2026-04-28.md,policy,sentinel_ai,active_supporting,protected,needs_owner_mapping,,,none,medium,Proposed canonical placement based on authority layer and record type.,0.74,yes
docs/TRUST_TESTS_2026-04-29.md,docs/governance/TRUST_TESTS_2026-04-29.md,TRUST_TESTS_2026-04-29.md,policy,sentinel_ai,active_supporting,protected,needs_owner_mapping,,,none,medium,Proposed canonical placement based on authority layer and record type.,0.74,yes
docs/TUESDAY_EXECUTIVE_CADENCE_CLOSEOUT_2026-06-16.md,docs/governance/TUESDAY_EXECUTIVE_CADENCE_CLOSEOUT_2026-06-16.md,TUESDAY_EXECUTIVE_CADENCE_CLOSEOUT_2026-06-16.md,cadence,sentinel_ai,review_held,held,needs_owner_mapping,,,none,medium,Proposed canonical placement based on authority layer and record type.,0.74,yes
docs/VENDOR_ONBOARDING_RULE_SET_V1.md,docs/governance/VENDOR_ONBOARDING_RULE_SET_V1.md,VENDOR_ONBOARDING_RULE_SET_V1.md,policy,sentinel_os,review_held,held,needs_owner_mapping,,,none,medium,Proposed canonical placement based on authority layer and record type.,0.74,yes
docs/VR_0001_MISSION_CONTROL_SECURITY_PLATFORM_RECOMMENDATIONS_PROCESSING_RESULT_2026-07-06.md,docs/governance/VR_0001_MISSION_CONTROL_SECURITY_PLATFORM_RECOMMENDATIONS_PROCESSING_RESULT_2026-07-06.md,VR_0001_MISSION_CONTROL_SECURITY_PLATFORM_RECOMMENDATIONS_PROCESSING_RESULT_2026-07-06.md,decision_packet,sentinel_ai,review_held,protected,needs_owner_mapping,,,none,medium,Proposed canonical placement based on authority layer and record type.,0.74,yes
docs/VR_0001_MISSION_CONTROL_SECURITY_PLATFORM_REVIEW_JOB_2026-07-06.md,docs/governance/VR_0001_MISSION_CONTROL_SECURITY_PLATFORM_REVIEW_JOB_2026-07-06.md,VR_0001_MISSION_CONTROL_SECURITY_PLATFORM_REVIEW_JOB_2026-07-06.md,approval_result,sentinel_ai,active_supporting,restricted,needs_owner_mapping,,,none,medium,Proposed canonical placement based on authority layer and record type.,0.74,yes
docs/WEDNESDAY_EXECUTIVE_CADENCE_ACTIVATION_2026-06-17.md,docs/governance/WEDNESDAY_EXECUTIVE_CADENCE_ACTIVATION_2026-06-17.md,WEDNESDAY_EXECUTIVE_CADENCE_ACTIVATION_2026-06-17.md,operating_model,sentinel_ai,review_held,held,needs_owner_mapping,,,none,medium,Proposed canonical placement based on authority layer and record type.,0.74,yes
docs/WEEKLY_AND_MONTH_END_CLOSEOUT_2026-06-30.md,docs/governance/WEEKLY_AND_MONTH_END_CLOSEOUT_2026-06-30.md,WEEKLY_AND_MONTH_END_CLOSEOUT_2026-06-30.md,operating_model,sentinel_ai,active_supporting,internal,needs_owner_mapping,,,none,medium,Proposed canonical placement based on authority layer and record type.,0.74,yes
docs/WHITE_GLOVE_INPUT_ORIENTED_SUPPORT_REQUEST_IMPLEMENTATION_2026-07-03.md,docs/governance/WHITE_GLOVE_INPUT_ORIENTED_SUPPORT_REQUEST_IMPLEMENTATION_2026-07-03.md,WHITE_GLOVE_INPUT_ORIENTED_SUPPORT_REQUEST_IMPLEMENTATION_2026-07-03.md,operating_model,sentinel_ai,review_held,held,needs_owner_mapping,,,none,medium,Proposed canonical placement based on authority layer and record type.,0.74,yes
docs/WHITE_GLOVE_SENTINEL_AI_SUPPORT_ADOPTION_RESULT_2026-07-03.md,docs/governance/WHITE_GLOVE_SENTINEL_AI_SUPPORT_ADOPTION_RESULT_2026-07-03.md,WHITE_GLOVE_SENTINEL_AI_SUPPORT_ADOPTION_RESULT_2026-07-03.md,policy,sentinel_ai,review_held,held,needs_owner_mapping,,,none,medium,Proposed canonical placement based on authority layer and record type.,0.74,yes
docs/WORKFLOW_DEFINITIONS.md,docs/governance/WORKFLOW_DEFINITIONS.md,WORKFLOW_DEFINITIONS.md,policy,sentinel_ai,active_supporting,internal,needs_owner_mapping,,,none,medium,Proposed canonical placement based on authority layer and record type.,0.74,yes
docs/anchors/system-release-current.json,docs/anchors/system-release-current.json,system-release-current.json,approval_result,sentinel_os,canonical_active,internal,needs_owner_mapping,,,none,low,Already aligned with canonical placement intent.,0.90,no
docs/diagrams/faceplane_docking_v2.mmd,docs/diagrams/faceplane_docking_v2.mmd,faceplane_docking_v2.mmd,policy,sentinel_os,archive_candidate,restricted,needs_owner_mapping,,,none,low,Already aligned with canonical placement intent.,0.90,no
docs/diagrams/governance_pipeline_v2.mmd,docs/diagrams/governance_pipeline_v2.mmd,governance_pipeline_v2.mmd,policy,evidence_only,archive_candidate,internal,needs_owner_mapping,,,none,low,Already aligned with canonical placement intent.,0.90,no
docs/diagrams/sentinelos_architecture_v2.mmd,docs/diagrams/sentinelos_architecture_v2.mmd,sentinelos_architecture_v2.mmd,policy,sentinel_os,archive_candidate,internal,needs_owner_mapping,,,none,low,Already aligned with canonical placement intent.,0.90,no
docs/executive-desk/board/2026-07.md,docs/executive-desk/board/2026-07.md,2026-07.md,operating_model,executive_desk,active_supporting,restricted,needs_owner_mapping,,,filename_conflict,low,Already aligned with canonical placement intent.,0.90,yes
docs/executive-desk/daily/2026-07-15.md,docs/executive-desk/daily/2026-07-15.md,2026-07-15.md,cadence,GBP,active_supporting,internal,needs_owner_mapping,,,filename_conflict,low,Already aligned with canonical placement intent.,0.90,yes
docs/executive-desk/evidence/2026-07-15-evidence-index.json,docs/executive-desk/evidence/2026-07-15-evidence-index.json,2026-07-15-evidence-index.json,template,executive_desk,active_supporting,public,docs/REPO_AUTHORITY_MAP_2026-05-08.md,,,none,low,Already aligned with canonical placement intent.,0.90,no
docs/executive-desk/evidence/2026-07-15-evidence-summary.md,docs/executive-desk/evidence/2026-07-15-evidence-summary.md,2026-07-15-evidence-summary.md,template,MOB,active_supporting,internal,needs_owner_mapping,,,none,low,Already aligned with canonical placement intent.,0.90,no
docs/executive-desk/government-readiness/2026-07-15.md,docs/executive-desk/government-readiness/2026-07-15.md,2026-07-15.md,doctrine,GBP,active_supporting,internal,needs_owner_mapping,,,filename_conflict,low,Already aligned with canonical placement intent.,0.90,yes
docs/executive-desk/mob/2026-07-15.md,docs/executive-desk/mob/2026-07-15.md,2026-07-15.md,cadence,MOB,active_supporting,internal,needs_owner_mapping,,,filename_conflict,low,Already aligned with canonical placement intent.,0.90,yes
docs/executive-desk/mob/alignment-profile.json,docs/executive-desk/mob/alignment-profile.json,alignment-profile.json,cadence,MOB,active_supporting,internal,needs_owner_mapping,,,none,low,Already aligned with canonical placement intent.,0.90,no
docs/executive-desk/monthly/2026-07.md,docs/executive-desk/monthly/2026-07.md,2026-07.md,operating_model,MOB,review_held,held,needs_owner_mapping,,,filename_conflict,low,Already aligned with canonical placement intent.,0.90,yes
docs/executive-desk/outcomes/2026-07-15.md,docs/executive-desk/outcomes/2026-07-15.md,2026-07-15.md,cadence,MOB,active_supporting,internal,needs_owner_mapping,,,filename_conflict,low,Already aligned with canonical placement intent.,0.90,yes
docs/executive-desk/outcomes/verification-profile.json,docs/executive-desk/outcomes/verification-profile.json,verification-profile.json,cadence,executive_desk,active_supporting,internal,needs_owner_mapping,,,none,low,Already aligned with canonical placement intent.,0.90,no
docs/executive-desk/receipts/2026-07-15-governed-build-completion-receipt.json,docs/executive-desk/receipts/2026-07-15-governed-build-completion-receipt.json,2026-07-15-governed-build-completion-receipt.json,cadence,MOB,active_supporting,internal,needs_owner_mapping,,,none,low,Already aligned with canonical placement intent.,0.90,no
docs/executive-desk/receipts/2026-07-15T07-13-38.552Z-help.json,docs/executive-desk/receipts/2026-07-15T07-13-38.552Z-help.json,2026-07-15T07-13-38.552Z-help.json,cadence,MOB,active_supporting,internal,needs_owner_mapping,,,none,low,Already aligned with canonical placement intent.,0.90,no
docs/executive-desk/receipts/2026-07-15T07-14-07.079Z-health.json,docs/executive-desk/receipts/2026-07-15T07-14-07.079Z-health.json,2026-07-15T07-14-07.079Z-health.json,evidence,executive_desk,archive_candidate,internal,needs_owner_mapping,,,none,low,Already aligned with canonical placement intent.,0.90,no
docs/executive-desk/receipts/2026-07-15T07-14-46.297Z-executive-daily.json,docs/executive-desk/receipts/2026-07-15T07-14-46.297Z-executive-daily.json,2026-07-15T07-14-46.297Z-executive-daily.json,cadence,executive_desk,archive_candidate,internal,needs_owner_mapping,,,none,low,Already aligned with canonical placement intent.,0.90,no
docs/executive-desk/receipts/2026-07-15T07-14-58.393Z-executive-weekly.json,docs/executive-desk/receipts/2026-07-15T07-14-58.393Z-executive-weekly.json,2026-07-15T07-14-58.393Z-executive-weekly.json,cadence,executive_desk,archive_candidate,internal,needs_owner_mapping,,,none,low,Already aligned with canonical placement intent.,0.90,no
docs/executive-desk/receipts/2026-07-15T07-15-03.154Z-executive-monthly.json,docs/executive-desk/receipts/2026-07-15T07-15-03.154Z-executive-monthly.json,2026-07-15T07-15-03.154Z-executive-monthly.json,cadence,executive_desk,archive_candidate,internal,needs_owner_mapping,,,none,low,Already aligned with canonical placement intent.,0.90,no
docs/executive-desk/receipts/2026-07-15T07-15-47.510Z-executive-board.json,docs/executive-desk/receipts/2026-07-15T07-15-47.510Z-executive-board.json,2026-07-15T07-15-47.510Z-executive-board.json,evidence,executive_desk,archive_candidate,internal,needs_owner_mapping,,,none,low,Already aligned with canonical placement intent.,0.90,no
docs/executive-desk/receipts/2026-07-15T07-16-04.905Z-government-readiness.json,docs/executive-desk/receipts/2026-07-15T07-16-04.905Z-government-readiness.json,2026-07-15T07-16-04.905Z-government-readiness.json,evidence,executive_desk,archive_candidate,internal,needs_owner_mapping,,,none,low,Already aligned with canonical placement intent.,0.90,no
docs/executive-desk/receipts/2026-07-15T07-16-10.317Z-mob-review.json,docs/executive-desk/receipts/2026-07-15T07-16-10.317Z-mob-review.json,2026-07-15T07-16-10.317Z-mob-review.json,evidence,MOB,active_supporting,internal,needs_owner_mapping,,,none,low,Already aligned with canonical placement intent.,0.90,no
docs/executive-desk/receipts/2026-07-15T07-16-18.989Z-evidence-scan.json,docs/executive-desk/receipts/2026-07-15T07-16-18.989Z-evidence-scan.json,2026-07-15T07-16-18.989Z-evidence-scan.json,evidence,executive_desk,active_supporting,internal,needs_owner_mapping,,,none,low,Already aligned with canonical placement intent.,0.90,no
docs/executive-desk/receipts/2026-07-15T07-16-50.883Z-outcome-status.json,docs/executive-desk/receipts/2026-07-15T07-16-50.883Z-outcome-status.json,2026-07-15T07-16-50.883Z-outcome-status.json,evidence,executive_desk,archive_candidate,internal,needs_owner_mapping,,,none,low,Already aligned with canonical placement intent.,0.90,no
docs/executive-desk/receipts/2026-07-15T07-37-27.376Z-mob-review.json,docs/executive-desk/receipts/2026-07-15T07-37-27.376Z-mob-review.json,2026-07-15T07-37-27.376Z-mob-review.json,evidence,MOB,active_supporting,internal,needs_owner_mapping,,,none,low,Already aligned with canonical placement intent.,0.90,no
docs/executive-desk/receipts/2026-07-15T07-37-32.333Z-outcome-status.json,docs/executive-desk/receipts/2026-07-15T07-37-32.333Z-outcome-status.json,2026-07-15T07-37-32.333Z-outcome-status.json,evidence,executive_desk,archive_candidate,internal,needs_owner_mapping,,,none,low,Already aligned with canonical placement intent.,0.90,no
docs/executive-desk/receipts/2026-07-15T07-38-45.672Z-outcome-status.json,docs/executive-desk/receipts/2026-07-15T07-38-45.672Z-outcome-status.json,2026-07-15T07-38-45.672Z-outcome-status.json,evidence,executive_desk,archive_candidate,internal,needs_owner_mapping,,,none,low,Already aligned with canonical placement intent.,0.90,no
docs/executive-desk/receipts/2026-07-15T07-38-49.641Z-executive-weekly.json,docs/executive-desk/receipts/2026-07-15T07-38-49.641Z-executive-weekly.json,2026-07-15T07-38-49.641Z-executive-weekly.json,cadence,executive_desk,archive_candidate,internal,needs_owner_mapping,,,none,low,Already aligned with canonical placement intent.,0.90,no
docs/executive-desk/weekly/2026-W29.md,docs/executive-desk/weekly/2026-W29.md,2026-W29.md,doctrine,MOB,active_supporting,internal,needs_owner_mapping,,,none,low,Already aligned with canonical placement intent.,0.90,no
docs/executive-desk-gpt/README.md,docs/executive-desk-gpt/README.md,README.md,approval_result,sentinel_os,active_supporting,internal,needs_owner_mapping,,,filename_conflict,low,Already aligned with canonical placement intent.,0.90,yes
docs/executive-desk-gpt/README.pdf,docs/executive-desk-gpt/README.pdf,README.pdf,archive_candidate,sentinel_os,archive_candidate,internal,needs_owner_mapping,,,none,low,Already aligned with canonical placement intent.,0.90,no
docs/executive-desk-gpt/command-envelopes/REPOSITORY_GOVERNANCE_AND_DOCUMENT_CLASSIFICATION_COMMAND_2026-07-16.md,docs/executive-desk-gpt/command-envelopes/REPOSITORY_GOVERNANCE_AND_DOCUMENT_CLASSIFICATION_COMMAND_2026-07-16.md,REPOSITORY_GOVERNANCE_AND_DOCUMENT_CLASSIFICATION_COMMAND_2026-07-16.md,doctrine,MOB,superseded,restricted,docs/CANONICAL_DOCUMENTS_INDEX_2026-05-11.md,d records preserve their history and lineage;,,none,low,Already aligned with canonical placement intent.,0.90,no
docs/executive-desk-gpt/integration-status-2026-06-30.md,docs/executive-desk-gpt/integration-status-2026-06-30.md,integration-status-2026-06-30.md,approval_result,sentinel_os,active_supporting,restricted,needs_owner_mapping,,,none,low,Already aligned with canonical placement intent.,0.90,no
docs/executive-desk-gpt/phase-2-safe-read-only-command-gate-2026-07-01.md,docs/executive-desk-gpt/phase-2-safe-read-only-command-gate-2026-07-01.md,phase-2-safe-read-only-command-gate-2026-07-01.md,approval_result,sentinel_os,active_supporting,public,docs/REPO_CONTROL_LAYER.md,,,none,low,Already aligned with canonical placement intent.,0.90,no
docs/executive-desk-gpt/the-executive-desk-instructions.md,docs/executive-desk-gpt/the-executive-desk-instructions.md,the-executive-desk-instructions.md,operating_model,sentinel_os,active_supporting,public,needs_owner_mapping,,,none,low,Already aligned with canonical placement intent.,0.90,no
docs/executive-desk-gpt/the-executive-desk-instructions.pdf,docs/executive-desk-gpt/the-executive-desk-instructions.pdf,the-executive-desk-instructions.pdf,archive_candidate,sentinel_os,archive_candidate,internal,needs_owner_mapping,,,none,low,Already aligned with canonical placement intent.,0.90,no
docs/executive-desk-gpt/the-executive-desk-no-actions-instructions.md,docs/executive-desk-gpt/the-executive-desk-no-actions-instructions.md,the-executive-desk-no-actions-instructions.md,operating_model,sentinel_os,historical,internal,needs_owner_mapping,,,none,low,Already aligned with canonical placement intent.,0.90,no
docs/executive-desk-gpt/the-executive-desk-openapi.yaml,docs/executive-desk-gpt/the-executive-desk-openapi.yaml,the-executive-desk-openapi.yaml,approval_result,sentinel_os,active_supporting,restricted,needs_owner_mapping,,,none,low,Already aligned with canonical placement intent.,0.90,no
docs/executive-desk-gpt/tunnel-refresh-result-2026-07-01.md,docs/executive-desk-gpt/tunnel-refresh-result-2026-07-01.md,tunnel-refresh-result-2026-07-01.md,evidence,sentinel_ai,active_supporting,restricted,needs_owner_mapping,,,none,low,Already aligned with canonical placement intent.,0.90,no
docs/governance/DRIFT_FORK_POLICY.md,docs/governance/DRIFT_FORK_POLICY.md,DRIFT_FORK_POLICY.md,policy,sentinel_ai,active_supporting,internal,needs_owner_mapping,,,none,low,Already aligned with canonical placement intent.,0.90,no
docs/payroll-evidence-index-2026-05-05.json,docs/governance/payroll-evidence-index-2026-05-05.json,payroll-evidence-index-2026-05-05.json,implementation_manifest,evidence_only,review_held,public,needs_owner_mapping,,,none,medium,Proposed canonical placement based on authority layer and record type.,0.74,yes
docs/releases/## Nunn Corporation Design Hierarchy.md,docs/releases/## Nunn Corporation Design Hierarchy.md,## Nunn Corporation Design Hierarchy.md,evidence,release,active_supporting,internal,needs_owner_mapping,,,none,low,Already aligned with canonical placement intent.,0.90,no
docs/releases/executive-desk/v1.0.0-gate8.md,docs/releases/executive-desk/v1.0.0-gate8.md,v1.0.0-gate8.md,policy,executive_desk,review_held,held,needs_owner_mapping,,,none,low,Already aligned with canonical placement intent.,0.90,no
docs/sentinel-repo-organization-log-2026-05-04.jsonl,docs/governance/sentinel-repo-organization-log-2026-05-04.jsonl,sentinel-repo-organization-log-2026-05-04.jsonl,cadence,product,review_held,held,needs_owner_mapping,,,none,medium,Proposed canonical placement based on authority layer and record type.,0.74,yes
docs/sentinel-repo-organization-log-2026-05-07.jsonl,docs/governance/sentinel-repo-organization-log-2026-05-07.jsonl,sentinel-repo-organization-log-2026-05-07.jsonl,cadence,product,review_held,held,needs_owner_mapping,,,none,medium,Proposed canonical placement based on authority layer and record type.,0.74,yes
docs/sentinel-repo-organization-log-2026-05-11.jsonl,docs/governance/sentinel-repo-organization-log-2026-05-11.jsonl,sentinel-repo-organization-log-2026-05-11.jsonl,cadence,customer_experience,archive_candidate,internal,docs/CANONICAL_DOCUMENTS_INDEX_2026-05-11.md,,,none,medium,Proposed canonical placement based on authority layer and record type.,0.74,yes
docs/sentinel-repo-organization-log-2026-05-13.jsonl,docs/governance/sentinel-repo-organization-log-2026-05-13.jsonl,sentinel-repo-organization-log-2026-05-13.jsonl,cadence,customer_experience,archive_candidate,internal,docs/CANONICAL_DOCUMENTS_INDEX_2026-05-11.md,,,none,medium,Proposed canonical placement based on authority layer and record type.,0.74,yes
docs/sentinel-repo-organization-log-2026-06-01.jsonl,docs/governance/sentinel-repo-organization-log-2026-06-01.jsonl,sentinel-repo-organization-log-2026-06-01.jsonl,cadence,customer_experience,archive_candidate,internal,docs/CANONICAL_DOCUMENTS_INDEX_2026-05-11.md,,,none,medium,Proposed canonical placement based on authority layer and record type.,0.74,yes
docs/sovereign/SOVEREIGN_AIR_GAPPED_LICENSE_OFFER_DRAFT_2026-07-02.md,docs/sovereign/SOVEREIGN_AIR_GAPPED_LICENSE_OFFER_DRAFT_2026-07-02.md,SOVEREIGN_AIR_GAPPED_LICENSE_OFFER_DRAFT_2026-07-02.md,policy,sentinel_ai,review_held,public,needs_owner_mapping,,,none,low,Already aligned with canonical placement intent.,0.90,no
docs/sovereign/SOVEREIGN_ATTORNEY_BRIEF.md,docs/sovereign/SOVEREIGN_ATTORNEY_BRIEF.md,SOVEREIGN_ATTORNEY_BRIEF.md,policy,sentinel_ai,review_held,public,needs_owner_mapping,,,none,low,Already aligned with canonical placement intent.,0.90,no
docs/sovereign/SOVEREIGN_COLLATERAL_REWRITE_REVIEW_INDEX_2026-07-02.md,docs/sovereign/SOVEREIGN_COLLATERAL_REWRITE_REVIEW_INDEX_2026-07-02.md,SOVEREIGN_COLLATERAL_REWRITE_REVIEW_INDEX_2026-07-02.md,policy,sentinel_ai,active_supporting,public,needs_owner_mapping,,,none,low,Already aligned with canonical placement intent.,0.90,no
docs/sovereign/SOVEREIGN_MANAGED_PARTNERSHIP_SUPPORT_CONTINUITY_DRAFT_2026-07-02.md,docs/sovereign/SOVEREIGN_MANAGED_PARTNERSHIP_SUPPORT_CONTINUITY_DRAFT_2026-07-02.md,SOVEREIGN_MANAGED_PARTNERSHIP_SUPPORT_CONTINUITY_DRAFT_2026-07-02.md,policy,sentinel_ai,review_held,public,needs_owner_mapping,,,none,low,Already aligned with canonical placement intent.,0.90,no
docs/sovereign/SOVEREIGN_MANAGED_PARTNERSHIP_SUPPORT_CONTINUITY_REVIEW_RESULT_2026-07-02.md,docs/sovereign/SOVEREIGN_MANAGED_PARTNERSHIP_SUPPORT_CONTINUITY_REVIEW_RESULT_2026-07-02.md,SOVEREIGN_MANAGED_PARTNERSHIP_SUPPORT_CONTINUITY_REVIEW_RESULT_2026-07-02.md,policy,sentinel_ai,review_held,public,needs_owner_mapping,,,none,low,Already aligned with canonical placement intent.,0.90,no
docs/sovereign/SOVEREIGN_SUPPORT_CONTINUITY_INTAKE_CHECKLIST_2026-07-02.md,docs/sovereign/SOVEREIGN_SUPPORT_CONTINUITY_INTAKE_CHECKLIST_2026-07-02.md,SOVEREIGN_SUPPORT_CONTINUITY_INTAKE_CHECKLIST_2026-07-02.md,policy,sentinel_ai,active_supporting,internal,needs_owner_mapping,,,none,low,Already aligned with canonical placement intent.,0.90,no
docs/sovereign/SOVEREIGN_TIER.md,docs/sovereign/SOVEREIGN_TIER.md,SOVEREIGN_TIER.md,policy,sentinel_ai,active_supporting,restricted,needs_owner_mapping,,,none,low,Already aligned with canonical placement intent.,0.90,no
